Year,Location,Vehicle_Type,Count
2012,RECTO,Car,20926
2012,MENDOZA,Car,40034
2012,PRES. QUIRINO AVE.,Car,99264
2012,ARANETA AVE.,Car,51390
2012,EDSA (BUENDIA AVE.),Car,264067
2012,KATIPUNAN / C.P. GARCIA,Car,122403
2012,ROXAS BLVD.,Car,123505
2012,TAFT AVE.,Car,27273
2012,SSH,Car,92053
2012,SHAW BLVD.,Car,58292
2012,ORTIGAS AVE.,Car,73479
2012,MAGSAYSAY BLVD.,Car,60568
2012,AURORA BLVD.,Car,78434
2012,QUEZON AVE.,Car,106611
2012,COMMONWEALTH AVE.,Car,144758
2012,A. BONIFACIO,Car,51790
2012,RIZAL AVE.,Car,28956
2012,MARCOS HIGHWAY,Car,89053
2012,MCARTHUR HIGHWAY,Car,35330
2012,TOTAL,Car,1568186
2012,RECTO,PUJ,15845
2012,MENDOZA,PUJ,1514
2012,PRES. QUIRINO AVE.,PUJ,5019
2012,ARANETA AVE.,PUJ,1432
2012,EDSA (BUENDIA AVE.),PUJ,3292
2012,KATIPUNAN / C.P. GARCIA,PUJ,2274
2012,ROXAS BLVD.,PUJ,300
2012,TAFT AVE.,PUJ,6344
2012,SSH,PUJ,20
2012,SHAW BLVD.,PUJ,11637
2012,ORTIGAS AVE.,PUJ,7982
2012,MAGSAYSAY BLVD.,PUJ,6974
2012,AURORA BLVD.,PUJ,19215
2012,QUEZON AVE.,PUJ,1558
2012,COMMONWEALTH AVE.,PUJ,13173
2012,A. BONIFACIO,PUJ,9414
2012,RIZAL AVE.,PUJ,14606
2012,MARCOS HIGHWAY,PUJ,12743
2012,MCARTHUR HIGHWAY,PUJ,11087
2012,TOTAL,PUJ,154460
2012,RECTO,PUB,872
2012,MENDOZA,PUB,319
2012,PRES. QUIRINO AVE.,PUB,500
2012,ARANETA AVE.,PUB,55
2012,EDSA (BUENDIA AVE.),PUB,15214
2012,KATIPUNAN / C.P. GARCIA,PUB,52
2012,ROXAS BLVD.,PUB,2856
2012,TAFT AVE.,PUB,2878
2012,SSH,PUB,1040
2012,SHAW BLVD.,PUB,56
2012,ORTIGAS AVE.,PUB,1077
2012,MAGSAYSAY BLVD.,PUB,1377
2012,AURORA BLVD.,PUB,173
2012,QUEZON AVE.,PUB,2074
2012,COMMONWEALTH AVE.,PUB,6690
2012,A. BONIFACIO,PUB,2485
2012,RIZAL AVE.,PUB,479
2012,MARCOS HIGHWAY,PUB,105
2012,MCARTHUR HIGHWAY,PUB,2485
2012,TOTAL,PUB,40787
2012,RECTO,Truck,702
2012,MENDOZA,Truck,5253
2012,PRES. QUIRINO AVE.,Truck,7788
2012,ARANETA AVE.,Truck,4401
2012,EDSA (BUENDIA AVE.),Truck,5023
2012,KATIPUNAN / C.P. GARCIA,Truck,7289
2012,ROXAS BLVD.,Truck,363
2012,TAFT AVE.,Truck,223
2012,SSH,Truck,7703
2012,SHAW BLVD.,Truck,1493
2012,ORTIGAS AVE.,Truck,1858
2012,MAGSAYSAY BLVD.,Truck,2269
2012,AURORA BLVD.,Truck,4124
2012,QUEZON AVE.,Truck,3110
2012,COMMONWEALTH AVE.,Truck,5666
2012,A. BONIFACIO,Truck,9509
2012,RIZAL AVE.,Truck,1810
2012,MARCOS HIGHWAY,Truck,7030
2012,MCARTHUR HIGHWAY,Truck,4236
2012,TOTAL,Truck,79850
2012,RECTO,Trailer,250
2012,MENDOZA,Trailer,1237
2012,PRES. QUIRINO AVE.,Trailer,2556
2012,ARANETA AVE.,Trailer,411
2012,EDSA (BUENDIA AVE.),Trailer,43
2012,KATIPUNAN / C.P. GARCIA,Trailer,554
2012,ROXAS BLVD.,Trailer,37
2012,TAFT AVE.,Trailer,13
2012,SSH,Trailer,3413
2012,SHAW BLVD.,Trailer,200
2012,ORTIGAS AVE.,Trailer,212
2012,MAGSAYSAY BLVD.,Trailer,289
2012,AURORA BLVD.,Trailer,326
2012,QUEZON AVE.,Trailer,389
2012,COMMONWEALTH AVE.,Trailer,0
2012,A. BONIFACIO,Trailer,2495
2012,RIZAL AVE.,Trailer,6
2012,MARCOS HIGHWAY,Trailer,749
2012,MCARTHUR HIGHWAY,Trailer,435
2012,TOTAL,Trailer,13615
2012,RECTO,MC,7359
2012,MENDOZA,MC,10992
2012,PRES. QUIRINO AVE.,MC,23336
2012,ARANETA AVE.,MC,14730
2012,EDSA (BUENDIA AVE.),MC,38859
2012,KATIPUNAN / C.P. GARCIA,MC,17510
2012,ROXAS BLVD.,MC,23168
2012,TAFT AVE.,MC,5151
2012,SSH,MC,18186
2012,SHAW BLVD.,MC,15539
2012,ORTIGAS AVE.,MC,17838
2012,MAGSAYSAY BLVD.,MC,14264
2012,AURORA BLVD.,MC,21890
2012,QUEZON AVE.,MC,19826
2012,COMMONWEALTH AVE.,MC,27105
2012,A. BONIFACIO,MC,12200
2012,RIZAL AVE.,MC,13634
2012,MARCOS HIGHWAY,MC,22850
2012,MCARTHUR HIGHWAY,MC,18682
2012,TOTAL,MC,343119
2012,RECTO,Tricycle,1828
2012,MENDOZA,Tricycle,325
2012,PRES. QUIRINO AVE.,Tricycle,362
2012,ARANETA AVE.,Tricycle,671
2012,EDSA (BUENDIA AVE.),Tricycle,6
2012,KATIPUNAN / C.P. GARCIA,Tricycle,7905
2012,ROXAS BLVD.,Tricycle,13
2012,TAFT AVE.,Tricycle,394
2012,SSH,Tricycle,45
2012,SHAW BLVD.,Tricycle,0
2012,ORTIGAS AVE.,Tricycle,0
2012,MAGSAYSAY BLVD.,Tricycle,317
2012,AURORA BLVD.,Tricycle,608
2012,QUEZON AVE.,Tricycle,81
2012,COMMONWEALTH AVE.,Tricycle,417
2012,A. BONIFACIO,Tricycle,959
2012,RIZAL AVE.,Tricycle,2487
2012,MARCOS HIGHWAY,Tricycle,394
2012,MCARTHUR HIGHWAY,Tricycle,119
2012,TOTAL,Tricycle,16931
2012,RECTO,Total,47782
2012,MENDOZA,Total,59674
2012,PRES. QUIRINO AVE.,Total,138825
2012,ARANETA AVE.,Total,73090
2012,EDSA (BUENDIA AVE.),Total,326504
2012,KATIPUNAN / C.P. GARCIA,Total,157987
2012,ROXAS BLVD.,Total,150242
2012,TAFT AVE.,Total,42276
2012,SSH,Total,122460
2012,SHAW BLVD.,Total,87217
2012,ORTIGAS AVE.,Total,102446
2012,MAGSAYSAY BLVD.,Total,86058
2012,AURORA BLVD.,Total,124770
2012,QUEZON AVE.,Total,143680
2012,COMMONWEALTH AVE.,Total,197809
2012,A. BONIFACIO,Total,88852
2012,RIZAL AVE.,Total,61978
2012,MARCOS HIGHWAY,Total,132924
2012,MCARTHUR HIGHWAY,Total,72374
2012,TOTAL,Total,2216948
2013,RECTO,Car,29237
2013,MENDOZA,Car,54759
2013,PRES. QUIRINO,Car,94475
2013,ARANETA AVE.,Car,74498
2013,EDSA (BUENDIA AVE.),Car,272965
2013,KATIPUNAN,Car,133929
2013,ROXAS BLVD.,Car,117255
2013,TAFT AVE.,Car,51640
2013,SSH,Car,97771
2013,SHAW BLVD.,Car,56753
2013,ORTIGAS AVE.,Car,66856
2013,MAGSAYSAY BLVD.,Car,53279
2013,AURORA BLVD.,Car,75264
2013,QUEZON AVE.,Car,131076
2013,COMMONWEALTH AVE.,Car,167583
2013,A. BONIFACIO,Car,46390
2013,RIZAL AVE.,Car,32226
2013,DEL PAN,Car,31887
2013,MARCOS HWY.,Car,117772
2013,MCARTHUR HWY.,Car,33565
2013,TOTAL,Car,1739180
2013,RECTO,PUJ,17747
2013,MENDOZA,PUJ,2938
2013,PRES. QUIRINO,PUJ,4668
2013,ARANETA AVE.,PUJ,1572
2013,EDSA (BUENDIA AVE.),PUJ,3032
2013,KATIPUNAN,PUJ,2268
2013,ROXAS BLVD.,PUJ,87
2013,TAFT AVE.,PUJ,14176
2013,SSH,PUJ,61
2013,SHAW BLVD.,PUJ,11346
2013,ORTIGAS AVE.,PUJ,11843
2013,MAGSAYSAY BLVD.,PUJ,17310
2013,AURORA BLVD.,PUJ,20340
2013,QUEZON AVE.,PUJ,15404
2013,COMMONWEALTH AVE.,PUJ,19076
2013,A. BONIFACIO,PUJ,7206
2013,RIZAL AVE.,PUJ,14099
2013,DEL PAN,PUJ,24
2013,MARCOS HWY.,PUJ,19259
2013,MCARTHUR HWY.,PUJ,10765
2013,TOTAL,PUJ,193221
2013,RECTO,PUB,1073
2013,MENDOZA,PUB,366
2013,PRES. QUIRINO,PUB,210
2013,ARANETA AVE.,PUB,26
2013,EDSA (BUENDIA AVE.),PUB,14919
2013,KATIPUNAN,PUB,35
2013,ROXAS BLVD.,PUB,1037
2013,TAFT AVE.,PUB,1281
2013,SSH,PUB,1492
2013,SHAW BLVD.,PUB,56
2013,ORTIGAS AVE.,PUB,837
2013,MAGSAYSAY BLVD.,PUB,974
2013,AURORA BLVD.,PUB,127
2013,QUEZON AVE.,PUB,1789
2013,COMMONWEALTH AVE.,PUB,7525
2013,A. BONIFACIO,PUB,1902
2013,RIZAL AVE.,PUB,490
2013,DEL PAN,PUB,24
2013,MARCOS HWY.,PUB,215
2013,MCARTHUR HWY.,PUB,2173
2013,TOTAL,PUB,36551
2013,RECTO,Truck,939
2013,MENDOZA,Truck,5093
2013,PRES. QUIRINO,Truck,6729
2013,ARANETA AVE.,Truck,6297
2013,EDSA (BUENDIA AVE.),Truck,4491
2013,KATIPUNAN,Truck,7142
2013,ROXAS BLVD.,Truck,459
2013,TAFT AVE.,Truck,435
2013,SSH,Truck,7323
2013,SHAW BLVD.,Truck,1458
2013,ORTIGAS AVE.,Truck,4336
2013,MAGSAYSAY BLVD.,Truck,2118
2013,AURORA BLVD.,Truck,4255
2013,QUEZON AVE.,Truck,5326
2013,COMMONWEALTH AVE.,Truck,6084
2013,A. BONIFACIO,Truck,10038
2013,RIZAL AVE.,Truck,1987
2013,DEL PAN,Truck,4455
2013,MARCOS HWY.,Truck,7237
2013,MCARTHUR HWY.,Truck,3538
2013,TOTAL,Truck,89740
2013,RECTO,Trailer,347
2013,MENDOZA,Trailer,1000
2013,PRES. QUIRINO,Trailer,2204
2013,ARANETA AVE.,Trailer,815
2013,EDSA (BUENDIA AVE.),Trailer,4
2013,KATIPUNAN,Trailer,817
2013,ROXAS BLVD.,Trailer,7
2013,TAFT AVE.,Trailer,53
2013,SSH,Trailer,2508
2013,SHAW BLVD.,Trailer,64
2013,ORTIGAS AVE.,Trailer,562
2013,MAGSAYSAY BLVD.,Trailer,379
2013,AURORA BLVD.,Trailer,386
2013,QUEZON AVE.,Trailer,316
2013,COMMONWEALTH AVE.,Trailer,306
2013,A. BONIFACIO,Trailer,2784
2013,RIZAL AVE.,Trailer,7
2013,DEL PAN,Trailer,6566
2013,MARCOS HWY.,Trailer,475
2013,MCARTHUR HWY.,Trailer,305
2013,TOTAL,Trailer,19905
2013,RECTO,MC,12559
2013,MENDOZA,MC,17225
2013,PRES. QUIRINO,MC,21083
2013,ARANETA AVE.,MC,21375
2013,EDSA (BUENDIA AVE.),MC,47192
2013,KATIPUNAN,MC,19974
2013,ROXAS BLVD.,MC,23105
2013,TAFT AVE.,MC,10015
2013,SSH,MC,22758
2013,SHAW BLVD.,MC,18739
2013,ORTIGAS AVE.,MC,21748
2013,MAGSAYSAY BLVD.,MC,18032
2013,AURORA BLVD.,MC,21484
2013,QUEZON AVE.,MC,29298
2013,COMMONWEALTH AVE.,MC,36745
2013,A. BONIFACIO,MC,11168
2013,RIZAL AVE.,MC,19688
2013,DEL PAN,MC,9956
2013,MARCOS HWY.,MC,28134
2013,MCARTHUR HWY.,MC,23062
2013,TOTAL,MC,433340
2013,RECTO,Tricycle,1631
2013,MENDOZA,Tricycle,1142
2013,PRES. QUIRINO,Tricycle,524
2013,ARANETA AVE.,Tricycle,1111
2013,EDSA (BUENDIA AVE.),Tricycle,9
2013,KATIPUNAN,Tricycle,11764
2013,ROXAS BLVD.,Tricycle,13
2013,TAFT AVE.,Tricycle,303
2013,SSH,Tricycle,62
2013,SHAW BLVD.,Tricycle,14
2013,ORTIGAS AVE.,Tricycle,1
2013,MAGSAYSAY BLVD.,Tricycle,525
2013,AURORA BLVD.,Tricycle,166
2013,QUEZON AVE.,Tricycle,400
2013,COMMONWEALTH AVE.,Tricycle,258
2013,A. BONIFACIO,Tricycle,1082
2013,RIZAL AVE.,Tricycle,3172
2013,DEL PAN,Tricycle,627
2013,MARCOS HWY.,Tricycle,126
2013,MCARTHUR HWY.,Tricycle,211
2013,TOTAL,Tricycle,23141
2013,RECTO,Total,63533
2013,MENDOZA,Total,82523
2013,PRES. QUIRINO,Total,129893
2013,ARANETA AVE.,Total,105694
2013,EDSA (BUENDIA AVE.),Total,342612
2013,KATIPUNAN,Total,175929
2013,ROXAS BLVD.,Total,141963
2013,TAFT AVE.,Total,77903
2013,SSH,Total,131975
2013,SHAW BLVD.,Total,88430
2013,ORTIGAS AVE.,Total,106183
2013,MAGSAYSAY BLVD.,Total,92617
2013,AURORA BLVD.,Total,122022
2013,QUEZON AVE.,Total,183609
2013,COMMONWEALTH AVE.,Total,237577
2013,A. BONIFACIO,Total,80570
2013,RIZAL AVE.,Total,71669
2013,DEL PAN,Total,53539
2013,MARCOS HWY.,Total,173218
2013,MCARTHUR HWY.,Total,73619
2013,TOTAL,Total,2535078
2014,RECTO,Car,23673
2014,MENDOZA,Car,61144
2014,PRES. QUIRINO,Car,88806
2014,ARANETA AVE.,Car,68009
2014,EDSA (BUENDIA AVE.),Car,284460
2014,KATIPUNAN / C.P. GARCIA,Car,127594
2014,ROXAS BLVD.,Car,135948
2014,TAFT AVE.,Car,50897
2014,SSH,Car,97801
2014,SHAW BLVD.,Car,57922
2014,ORTIGAS AVE.,Car,66079
2014,MAGSAYSAY BLVD.,Car,55977
2014,AURORA BLVD.,Car,60873
2014,QUEZON AVE.,Car,140290
2014,COMMONWEALTH AVE.,Car,158199
2014,A. BONIFACIO,Car,51859
2014,RIZAL AVE.,Car,25464
2014,DEL PAN,Car,21326
2014,MARCOS HWY.,Car,109239
2014,MCARTHUR HWY.,Car,35945
2014,TOTAL,Car,1721505
2014,RECTO,PUJ,17956
2014,MENDOZA,PUJ,104
2014,PRES. QUIRINO,PUJ,158
2014,ARANETA AVE.,PUJ,1473
2014,EDSA (BUENDIA AVE.),PUJ,4864
2014,KATIPUNAN / C.P. GARCIA,PUJ,812
2014,ROXAS BLVD.,PUJ,90
2014,TAFT AVE.,PUJ,14930
2014,SSH,PUJ,7085
2014,SHAW BLVD.,PUJ,10756
2014,ORTIGAS AVE.,PUJ,18091
2014,MAGSAYSAY BLVD.,PUJ,15292
2014,AURORA BLVD.,PUJ,16602
2014,QUEZON AVE.,PUJ,7163
2014,COMMONWEALTH AVE.,PUJ,16508
2014,A. BONIFACIO,PUJ,6299
2014,RIZAL AVE.,PUJ,12075
2014,DEL PAN,PUJ,1902
2014,MARCOS HWY.,PUJ,20718
2014,MCARTHUR HWY.,PUJ,9432
2014,TOTAL,PUJ,182310
2014,RECTO,PUB,259
2014,MENDOZA,PUB,217
2014,PRES. QUIRINO,PUB,180
2014,ARANETA AVE.,PUB,18
2014,EDSA (BUENDIA AVE.),PUB,14970
2014,KATIPUNAN / C.P. GARCIA,PUB,194
2014,ROXAS BLVD.,PUB,751
2014,TAFT AVE.,PUB,1904
2014,SSH,PUB,6065
2014,SHAW BLVD.,PUB,50
2014,ORTIGAS AVE.,PUB,1003
2014,MAGSAYSAY BLVD.,PUB,429
2014,AURORA BLVD.,PUB,85
2014,QUEZON AVE.,PUB,1557
2014,COMMONWEALTH AVE.,PUB,5758
2014,A. BONIFACIO,PUB,1834
2014,RIZAL AVE.,PUB,304
2014,DEL PAN,PUB,48
2014,MARCOS HWY.,PUB,166
2014,MCARTHUR HWY.,PUB,2268
2014,TOTAL,PUB,38060
2014,RECTO,Truck,816
2014,MENDOZA,Truck,4374
2014,PRES. QUIRINO,Truck,7130
2014,ARANETA AVE.,Truck,4291
2014,EDSA (BUENDIA AVE.),Truck,4417
2014,KATIPUNAN / C.P. GARCIA,Truck,10508
2014,ROXAS BLVD.,Truck,391
2014,TAFT AVE.,Truck,404
2014,SSH,Truck,9484
2014,SHAW BLVD.,Truck,1133
2014,ORTIGAS AVE.,Truck,4252
2014,MAGSAYSAY BLVD.,Truck,2543
2014,AURORA BLVD.,Truck,2290
2014,QUEZON AVE.,Truck,4061
2014,COMMONWEALTH AVE.,Truck,5356
2014,A. BONIFACIO,Truck,9230
2014,RIZAL AVE.,Truck,1787
2014,DEL PAN,Truck,4974
2014,MARCOS HWY.,Truck,6524
2014,MCARTHUR HWY.,Truck,3681
2014,TOTAL,Truck,87646
2014,RECTO,Trailer,382
2014,MENDOZA,Trailer,398
2014,PRES. QUIRINO,Trailer,2398
2014,ARANETA AVE.,Trailer,796
2014,EDSA (BUENDIA AVE.),Trailer,1
2014,KATIPUNAN / C.P. GARCIA,Trailer,914
2014,ROXAS BLVD.,Trailer,0
2014,TAFT AVE.,Trailer,1
2014,SSH,Trailer,807
2014,SHAW BLVD.,Trailer,67
2014,ORTIGAS AVE.,Trailer,352
2014,MAGSAYSAY BLVD.,Trailer,313
2014,AURORA BLVD.,Trailer,27
2014,QUEZON AVE.,Trailer,570
2014,COMMONWEALTH AVE.,Trailer,217
2014,A. BONIFACIO,Trailer,3939
2014,RIZAL AVE.,Trailer,4
2014,DEL PAN,Trailer,3856
2014,MARCOS HWY.,Trailer,533
2014,MCARTHUR HWY.,Trailer,402
2014,TOTAL,Trailer,15977
2014,RECTO,MC,15063
2014,MENDOZA,MC,20199
2014,PRES. QUIRINO,MC,25887
2014,ARANETA AVE.,MC,21649
2014,EDSA (BUENDIA AVE.),MC,51696
2014,KATIPUNAN / C.P. GARCIA,MC,38401
2014,ROXAS BLVD.,MC,31734
2014,TAFT AVE.,MC,14935
2014,SSH,MC,22366
2014,SHAW BLVD.,MC,18115
2014,ORTIGAS AVE.,MC,32979
2014,MAGSAYSAY BLVD.,MC,23155
2014,AURORA BLVD.,MC,22420
2014,QUEZON AVE.,MC,29754
2014,COMMONWEALTH AVE.,MC,46429
2014,A. BONIFACIO,MC,15644
2014,RIZAL AVE.,MC,17749
2014,DEL PAN,MC,11737
2014,MARCOS HWY.,MC,31650
2014,MCARTHUR HWY.,MC,24946
2014,TOTAL,MC,516508
2014,RECTO,Tricycle,3682
2014,MENDOZA,Tricycle,633
2014,PRES. QUIRINO,Tricycle,98
2014,ARANETA AVE.,Tricycle,1124
2014,EDSA (BUENDIA AVE.),Tricycle,9
2014,KATIPUNAN / C.P. GARCIA,Tricycle,6
2014,ROXAS BLVD.,Tricycle,49
2014,TAFT AVE.,Tricycle,392
2014,SSH,Tricycle,2
2014,SHAW BLVD.,Tricycle,14
2014,ORTIGAS AVE.,Tricycle,521
2014,MAGSAYSAY BLVD.,Tricycle,1044
2014,AURORA BLVD.,Tricycle,257
2014,QUEZON AVE.,Tricycle,63
2014,COMMONWEALTH AVE.,Tricycle,634
2014,A. BONIFACIO,Tricycle,1549
2014,RIZAL AVE.,Tricycle,1568
2014,DEL PAN,Tricycle,1822
2014,MARCOS HWY.,Tricycle,153
2014,MCARTHUR HWY.,Tricycle,270
2014,TOTAL,Tricycle,13890
2014,RECTO,Total,61831
2014,MENDOZA,Total,87069
2014,PRES. QUIRINO,Total,124657
2014,ARANETA AVE.,Total,97360
2014,EDSA (BUENDIA AVE.),Total,360417
2014,KATIPUNAN / C.P. GARCIA,Total,178429
2014,ROXAS BLVD.,Total,168963
2014,TAFT AVE.,Total,83463
2014,SSH,Total,143610
2014,SHAW BLVD.,Total,88057
2014,ORTIGAS AVE.,Total,123277
2014,MAGSAYSAY BLVD.,Total,98753
2014,AURORA BLVD.,Total,102554
2014,QUEZON AVE.,Total,183458
2014,COMMONWEALTH AVE.,Total,233101
2014,A. BONIFACIO,Total,90354
2014,RIZAL AVE.,Total,58951
2014,DEL PAN,Total,45665
2014,MARCOS HWY.,Total,168983
2014,MCARTHUR HWY.,Total,76944
2014,TOTAL,Total,2575896
2015,RECTO,Car,30216
2015,MENDOZA,Car,63469
2015,PRES. QUIRINO,Car,76073
2015,ARANETA AVE.,Car,54670
2015,EDSA (BUENDIA AVE),Car,284436
2015,KATIPUNAN / C.P. GARCIA,Car,134939
2015,ROXAS BLVD.,Car,138070
2015,TAFT AVE.,Car,56378
2015,SSH,Car,86652
2015,SHAW BLVD.,Car,58604
2015,ORTIGAS AVE.,Car,73299
2015,MAGSAYSAY BLVD.,Car,56971
2015,AURORA BLVD.,Car,55976
2015,QUEZON AVE.,Car,136358
2015,COMMONWEALTH AVE.,Car,169329
2015,A. BONIFACIO,Car,25880
2015,RIZAL AVE.,Car,29017
2015,DEL PAN,Car,NO DATA AVAILABLE
2015,MARCOS HWY.,Car,112020
2015,MCARTHUR HWY.,Car,36702
2015,TOTAL,Car,1678955
2015,RECTO,PUJ,15736.0
2015,MENDOZA,PUJ,72.0
2015,PRES. QUIRINO,PUJ,5019.0
2015,ARANETA AVE.,PUJ,2228.0
2015,EDSA (BUENDIA AVE),PUJ,2944.0
2015,KATIPUNAN / C.P. GARCIA,PUJ,985.0
2015,ROXAS BLVD.,PUJ,103.0
2015,TAFT AVE.,PUJ,15885.0
2015,SSH,PUJ,3.0
2015,SHAW BLVD.,PUJ,10262.0
2015,ORTIGAS AVE.,PUJ,8706.0
2015,MAGSAYSAY BLVD.,PUJ,13220.0
2015,AURORA BLVD.,PUJ,16592.0
2015,QUEZON AVE.,PUJ,8429.0
2015,COMMONWEALTH AVE.,PUJ,17113.0
2015,A. BONIFACIO,PUJ,4533.0
2015,RIZAL AVE.,PUJ,13205.0
2015,DEL PAN,PUJ,
2015,MARCOS HWY.,PUJ,17171.0
2015,MCARTHUR HWY.,PUJ,10012.0
2015,TOTAL,PUJ,163219.0
2015,RECTO,PUB,643.0
2015,MENDOZA,PUB,193.0
2015,PRES. QUIRINO,PUB,173.0
2015,ARANETA AVE.,PUB,21.0
2015,EDSA (BUENDIA AVE),PUB,14384.0
2015,KATIPUNAN / C.P. GARCIA,PUB,692.0
2015,ROXAS BLVD.,PUB,276.0
2015,TAFT AVE.,PUB,2992.0
2015,SSH,PUB,778.0
2015,SHAW BLVD.,PUB,74.0
2015,ORTIGAS AVE.,PUB,914.0
2015,MAGSAYSAY BLVD.,PUB,729.0
2015,AURORA BLVD.,PUB,73.0
2015,QUEZON AVE.,PUB,1400.0
2015,COMMONWEALTH AVE.,PUB,5877.0
2015,A. BONIFACIO,PUB,1524.0
2015,RIZAL AVE.,PUB,298.0
2015,DEL PAN,PUB,
2015,MARCOS HWY.,PUB,95.0
2015,MCARTHUR HWY.,PUB,2617.0
2015,TOTAL,PUB,33724.0
2015,RECTO,Truck,789.0
2015,MENDOZA,Truck,4007.0
2015,PRES. QUIRINO,Truck,6421.0
2015,ARANETA AVE.,Truck,4393.0
2015,EDSA (BUENDIA AVE),Truck,5451.0
2015,KATIPUNAN / C.P. GARCIA,Truck,10458.0
2015,ROXAS BLVD.,Truck,831.0
2015,TAFT AVE.,Truck,650.0
2015,SSH,Truck,7184.0
2015,SHAW BLVD.,Truck,1603.0
2015,ORTIGAS AVE.,Truck,5039.0
2015,MAGSAYSAY BLVD.,Truck,2228.0
2015,AURORA BLVD.,Truck,2168.0
2015,QUEZON AVE.,Truck,4337.0
2015,COMMONWEALTH AVE.,Truck,6307.0
2015,A. BONIFACIO,Truck,8736.0
2015,RIZAL AVE.,Truck,1948.0
2015,DEL PAN,Truck,
2015,MARCOS HWY.,Truck,6394.0
2015,MCARTHUR HWY.,Truck,4031.0
2015,TOTAL,Truck,80955.0
2015,RECTO,Trailer,16.0
2015,MENDOZA,Trailer,506.0
2015,PRES. QUIRINO,Trailer,3070.0
2015,ARANETA AVE.,Trailer,528.0
2015,EDSA (BUENDIA AVE),Trailer,8.0
2015,KATIPUNAN / C.P. GARCIA,Trailer,922.0
2015,ROXAS BLVD.,Trailer,50.0
2015,TAFT AVE.,Trailer,15.0
2015,SSH,Trailer,3921.0
2015,SHAW BLVD.,Trailer,164.0
2015,ORTIGAS AVE.,Trailer,428.0
2015,MAGSAYSAY BLVD.,Trailer,429.0
2015,AURORA BLVD.,Trailer,30.0
2015,QUEZON AVE.,Trailer,329.0
2015,COMMONWEALTH AVE.,Trailer,256.0
2015,A. BONIFACIO,Trailer,2867.0
2015,RIZAL AVE.,Trailer,7.0
2015,DEL PAN,Trailer,
2015,MARCOS HWY.,Trailer,548.0
2015,MCARTHUR HWY.,Trailer,541.0
2015,TOTAL,Trailer,14635.0
2015,RECTO,MC,19220.0
2015,MENDOZA,MC,22611.0
2015,PRES. QUIRINO,MC,28641.0
2015,ARANETA AVE.,MC,25111.0
2015,EDSA (BUENDIA AVE),MC,60432.0
2015,KATIPUNAN / C.P. GARCIA,MC,46149.0
2015,ROXAS BLVD.,MC,33827.0
2015,TAFT AVE.,MC,14683.0
2015,SSH,MC,28095.0
2015,SHAW BLVD.,MC,24525.0
2015,ORTIGAS AVE.,MC,32044.0
2015,MAGSAYSAY BLVD.,MC,25129.0
2015,AURORA BLVD.,MC,18168.0
2015,QUEZON AVE.,MC,35147.0
2015,COMMONWEALTH AVE.,MC,59423.0
2015,A. BONIFACIO,MC,14498.0
2015,RIZAL AVE.,MC,23341.0
2015,DEL PAN,MC,
2015,MARCOS HWY.,MC,36609.0
2015,MCARTHUR HWY.,MC,27734.0
2015,TOTAL,MC,575487.0
2015,RECTO,Tricycle,3906.0
2015,MENDOZA,Tricycle,984.0
2015,PRES. QUIRINO,Tricycle,827.0
2015,ARANETA AVE.,Tricycle,2769.0
2015,EDSA (BUENDIA AVE),Tricycle,20.0
2015,KATIPUNAN / C.P. GARCIA,Tricycle,4.0
2015,ROXAS BLVD.,Tricycle,38.0
2015,TAFT AVE.,Tricycle,582.0
2015,SSH,Tricycle,33.0
2015,SHAW BLVD.,Tricycle,4.0
2015,ORTIGAS AVE.,Tricycle,9.0
2015,MAGSAYSAY BLVD.,Tricycle,1107.0
2015,AURORA BLVD.,Tricycle,697.0
2015,QUEZON AVE.,Tricycle,121.0
2015,COMMONWEALTH AVE.,Tricycle,890.0
2015,A. BONIFACIO,Tricycle,1859.0
2015,RIZAL AVE.,Tricycle,2579.0
2015,DEL PAN,Tricycle,
2015,MARCOS HWY.,Tricycle,178.0
2015,MCARTHUR HWY.,Tricycle,533.0
2015,TOTAL,Tricycle,16840.0
2015,RECTO,Total,70506
2015,MENDOZA,Total,91842
2015,PRES. QUIRINO,Total,119824
2015,ARANETA AVE.,Total,89720
2015,EDSA (BUENDIA AVE),Total,367675
2015,KATIPUNAN / C.P. GARCIA,Total,194119
2015,ROXAS BLVD.,Total,173195
2015,TAFT AVE.,Total,91185
2015,SSH,Total,126667
2015,SHAW BLVD.,Total,95236
2015,ORTIGAS AVE.,Total,121433
2015,MAGSAYSAY BLVD.,Total,99813
2015,AURORA BLVD.,Total,93706
2015,QUEZON AVE.,Total,186321
2015,COMMONWEALTH AVE.,Total,259195
2015,A. BONIFACIO,Total,57897
2015,RIZAL AVE.,Total,70395
2015,DEL PAN,Total,0
2015,MARCOS HWY.,Total,173015
2015,MCARTHUR HWY.,Total,82170
2015,TOTAL,Total,2563814
2016,RECTO,Car,26154
2016,MENDOZA,Car,51410
2016,PRES. QUIRINO,Car,43654
2016,ARANETA AVE.,Car,71317
2016,EDSA,Car,278657
2016,KATIPUNAN / C.P. GARCIA,Car,154037
2016,ROXAS BLVD.,Car,133664
2016,TAFT AVE.,Car,54047
2016,SSH,Car,68844
2016,SHAW BLVD.,Car,63066
2016,ORTIGAS AVE.,Car,88628
2016,MAGSAYSAY BLVD.,Car,59550
2016,AURORA BLVD.,Car,57070
2016,QUEZON AVE.,Car,140311
2016,COMMONWEALTH AVE.,Car,181266
2016,A. BONIFACIO,Car,28739
2016,RIZAL AVE.,Car,29734
2016,DEL PAN,Car,31211
2016,MARCOS HWY.,Car,95837
2016,MCARTHUR HWY.,Car,31034
2016,RECTO,PUJ,13454
2016,MENDOZA,PUJ,46
2016,PRES. QUIRINO,PUJ,1998
2016,ARANETA AVE.,PUJ,7277
2016,EDSA,PUJ,2723
2016,KATIPUNAN / C.P. GARCIA,PUJ,950
2016,ROXAS BLVD.,PUJ,130
2016,TAFT AVE.,PUJ,13069
2016,SSH,PUJ,0
2016,SHAW BLVD.,PUJ,8734
2016,ORTIGAS AVE.,PUJ,15557
2016,MAGSAYSAY BLVD.,PUJ,5677
2016,AURORA BLVD.,PUJ,14942
2016,QUEZON AVE.,PUJ,9056
2016,COMMONWEALTH AVE.,PUJ,16590
2016,A. BONIFACIO,PUJ,4888
2016,RIZAL AVE.,PUJ,13420
2016,DEL PAN,PUJ,2356
2016,MARCOS HWY.,PUJ,15402
2016,MCARTHUR HWY.,PUJ,8532
2016,RECTO,PUB,690
2016,MENDOZA,PUB,276
2016,PRES. QUIRINO,PUB,23
2016,ARANETA AVE.,PUB,135
2016,EDSA,PUB,12081
2016,KATIPUNAN / C.P. GARCIA,PUB,373
2016,ROXAS BLVD.,PUB,714
2016,TAFT AVE.,PUB,3575
2016,SSH,PUB,795
2016,SHAW BLVD.,PUB,53
2016,ORTIGAS AVE.,PUB,881
2016,MAGSAYSAY BLVD.,PUB,638
2016,AURORA BLVD.,PUB,67
2016,QUEZON AVE.,PUB,1201
2016,COMMONWEALTH AVE.,PUB,5688
2016,A. BONIFACIO,PUB,1332
2016,RIZAL AVE.,PUB,428
2016,DEL PAN,PUB,582
2016,MARCOS HWY.,PUB,129
2016,MCARTHUR HWY.,PUB,2168
2016,RECTO,Truck,703
2016,MENDOZA,Truck,3462
2016,PRES. QUIRINO,Truck,4135
2016,ARANETA AVE.,Truck,7075
2016,EDSA,Truck,5556
2016,KATIPUNAN / C.P. GARCIA,Truck,12411
2016,ROXAS BLVD.,Truck,926
2016,TAFT AVE.,Truck,543
2016,SSH,Truck,5550
2016,SHAW BLVD.,Truck,1480
2016,ORTIGAS AVE.,Truck,5162
2016,MAGSAYSAY BLVD.,Truck,3125
2016,AURORA BLVD.,Truck,2358
2016,QUEZON AVE.,Truck,4081
2016,COMMONWEALTH AVE.,Truck,6837
2016,A. BONIFACIO,Truck,6554
2016,RIZAL AVE.,Truck,2168
2016,DEL PAN,Truck,4989
2016,MARCOS HWY.,Truck,5431
2016,MCARTHUR HWY.,Truck,2732
2016,RECTO,Trailer,13
2016,MENDOZA,Trailer,265
2016,PRES. QUIRINO,Trailer,599
2016,ARANETA AVE.,Trailer,2358
2016,EDSA,Trailer,2
2016,KATIPUNAN / C.P. GARCIA,Trailer,1101
2016,ROXAS BLVD.,Trailer,1137
2016,TAFT AVE.,Trailer,6
2016,SSH,Trailer,1633
2016,SHAW BLVD.,Trailer,175
2016,ORTIGAS AVE.,Trailer,616
2016,MAGSAYSAY BLVD.,Trailer,491
2016,AURORA BLVD.,Trailer,37
2016,QUEZON AVE.,Trailer,163
2016,COMMONWEALTH AVE.,Trailer,271
2016,A. BONIFACIO,Trailer,321
2016,RIZAL AVE.,Trailer,7
2016,DEL PAN,Trailer,8290
2016,MARCOS HWY.,Trailer,439
2016,MCARTHUR HWY.,Trailer,288
2016,RECTO,MC,16882
2016,MENDOZA,MC,21485
2016,PRES. QUIRINO,MC,20981
2016,ARANETA AVE.,MC,28669
2016,EDSA,MC,26081
2016,KATIPUNAN / C.P. GARCIA,MC,49727
2016,ROXAS BLVD.,MC,38413
2016,TAFT AVE.,MC,17518
2016,SSH,MC,23033
2016,SHAW BLVD.,MC,17807
2016,ORTIGAS AVE.,MC,41958
2016,MAGSAYSAY BLVD.,MC,24426
2016,AURORA BLVD.,MC,31201
2016,QUEZON AVE.,MC,31720
2016,COMMONWEALTH AVE.,MC,60262
2016,A. BONIFACIO,MC,32412
2016,RIZAL AVE.,MC,28538
2016,DEL PAN,MC,20101
2016,MARCOS HWY.,MC,36259
2016,MCARTHUR HWY.,MC,35032
2016,RECTO,Tricycle,5466
2016,MENDOZA,Tricycle,1247
2016,PRES. QUIRINO,Tricycle,257
2016,ARANETA AVE.,Tricycle,651
2016,EDSA,Tricycle,2712
2016,KATIPUNAN / C.P. GARCIA,Tricycle,5
2016,ROXAS BLVD.,Tricycle,201
2016,TAFT AVE.,Tricycle,1090
2016,SSH,Tricycle,68
2016,SHAW BLVD.,Tricycle,5
2016,ORTIGAS AVE.,Tricycle,623
2016,MAGSAYSAY BLVD.,Tricycle,872
2016,AURORA BLVD.,Tricycle,310
2016,QUEZON AVE.,Tricycle,579
2016,COMMONWEALTH AVE.,Tricycle,977
2016,A. BONIFACIO,Tricycle,798
2016,RIZAL AVE.,Tricycle,2000
2016,DEL PAN,Tricycle,2932
2016,MARCOS HWY.,Tricycle,129
2016,MCARTHUR HWY.,Tricycle,293
2016,RECTO,Total,63362
2016,MENDOZA,Total,78551
2016,PRES. QUIRINO,Total,71852
2016,ARANETA AVE.,Total,117482
2016,EDSA,Total,364784
2016,KATIPUNAN / C.P. GARCIA,Total,218155
2016,ROXAS BLVD.,Total,175185
2016,TAFT AVE.,Total,89884
2016,SSH,Total,99923
2016,SHAW BLVD.,Total,85113
2016,ORTIGAS AVE.,Total,153425
2016,MAGSAYSAY BLVD.,Total,94779
2016,AURORA BLVD.,Total,96145
2016,QUEZON AVE.,Total,187111
2016,COMMONWEALTH AVE.,Total,272255
2016,A. BONIFACIO,Total,58470
2016,RIZAL AVE.,Total,76295
2016,DEL PAN,Total,70012
2016,MARCOS HWY.,Total,153626
2016,MCARTHUR HWY.,Total,80879
2017,RECTO,Car,21366
2017,MENDOZA,Car,49430
2017,PRES. QUIRINO AVE.,Car,59647
2017,ARANETA AVE.,Car,40306
2017,EDSA,Car,247527
2017,KATIPUNAN / C.P. GARCIA,Car,133171
2017,ROXAS BLVD.,Car,120524
2017,TAFT AVE.,Car,36558
2017,SSH,Car,65381
2017,SHAW BLVD.,Car,55632
2017,ORTIGAS AVE.,Car,71102
2017,MAGSAYSAY BLVD.,Car,56261
2017,AURORA BLVD.,Car,41620
2017,QUEZON AVE.,Car,113905
2017,COMMONWEALTH AVE.,Car,139951
2017,A. BONIFACIO,Car,28690
2017,RIZAL AVE.,Car,32905
2017,DEL PAN,Car,35955
2017,MARCOS HIGHWAY,Car,90287
2017,MCARTHUR HIGHWAY,Car,29446
2017,TOTAL,Car,1469664
2017,RECTO,PUJ,13134
2017,MENDOZA,PUJ,56
2017,PRES. QUIRINO AVE.,PUJ,1574
2017,ARANETA AVE.,PUJ,1945
2017,EDSA,PUJ,2369
2017,KATIPUNAN / C.P. GARCIA,PUJ,923
2017,ROXAS BLVD.,PUJ,42
2017,TAFT AVE.,PUJ,12152
2017,SSH,PUJ,353
2017,SHAW BLVD.,PUJ,6450
2017,ORTIGAS AVE.,PUJ,12054
2017,MAGSAYSAY BLVD.,PUJ,5952
2017,AURORA BLVD.,PUJ,14707
2017,QUEZON AVE.,PUJ,6868
2017,COMMONWEALTH AVE.,PUJ,15687
2017,A. BONIFACIO,PUJ,3695
2017,RIZAL AVE.,PUJ,12546
2017,DEL PAN,PUJ,1783
2017,MARCOS HIGHWAY,PUJ,14261
2017,MCARTHUR HIGHWAY,PUJ,8752
2017,TOTAL,PUJ,135303
2017,RECTO,UV,2172
2017,MENDOZA,UV,519
2017,PRES. QUIRINO AVE.,UV,454
2017,ARANETA AVE.,UV,14
2017,EDSA,UV,7229
2017,KATIPUNAN / C.P. GARCIA,UV,8424
2017,ROXAS BLVD.,UV,7626
2017,TAFT AVE.,UV,13236
2017,SSH,UV,684
2017,SHAW BLVD.,UV,3496
2017,ORTIGAS AVE.,UV,9344
2017,MAGSAYSAY BLVD.,UV,59
2017,AURORA BLVD.,UV,6701
2017,QUEZON AVE.,UV,12791
2017,COMMONWEALTH AVE.,UV,13165
2017,A. BONIFACIO,UV,222
2017,RIZAL AVE.,UV,83
2017,DEL PAN,UV,186
2017,MARCOS HIGHWAY,UV,4532
2017,MCARTHUR HIGHWAY,UV,25
2017,TOTAL,UV,90980
2017,RECTO,Taxi,4069
2017,MENDOZA,Taxi,5358
2017,PRES. QUIRINO AVE.,Taxi,6852
2017,ARANETA AVE.,Taxi,4207
2017,EDSA,Taxi,20022
2017,KATIPUNAN / C.P. GARCIA,Taxi,7293
2017,ROXAS BLVD.,Taxi,16660
2017,TAFT AVE.,Taxi,5643
2017,SSH,Taxi,6650
2017,SHAW BLVD.,Taxi,4029
2017,ORTIGAS AVE.,Taxi,3723
2017,MAGSAYSAY BLVD.,Taxi,6265
2017,AURORA BLVD.,Taxi,5245
2017,QUEZON AVE.,Taxi,15840
2017,COMMONWEALTH AVE.,Taxi,14400
2017,A. BONIFACIO,Taxi,908
2017,RIZAL AVE.,Taxi,2685
2017,DEL PAN,Taxi,3538
2017,MARCOS HIGHWAY,Taxi,5165
2017,MCARTHUR HIGHWAY,Taxi,4073
2017,TOTAL,Taxi,142625
2017,RECTO,PUB,545
2017,MENDOZA,PUB,213
2017,PRES. QUIRINO AVE.,PUB,99
2017,ARANETA AVE.,PUB,6
2017,EDSA,PUB,12283
2017,KATIPUNAN / C.P. GARCIA,PUB,221
2017,ROXAS BLVD.,PUB,2103
2017,TAFT AVE.,PUB,3749
2017,SSH,PUB,892
2017,SHAW BLVD.,PUB,107
2017,ORTIGAS AVE.,PUB,877
2017,MAGSAYSAY BLVD.,PUB,722
2017,AURORA BLVD.,PUB,57
2017,QUEZON AVE.,PUB,1217
2017,COMMONWEALTH AVE.,PUB,5475
2017,A. BONIFACIO,PUB,1494
2017,RIZAL AVE.,PUB,492
2017,DEL PAN,PUB,73
2017,MARCOS HIGHWAY,PUB,133
2017,MCARTHUR HIGHWAY,PUB,1889
2017,TOTAL,PUB,32647
2017,RECTO,Truck,584
2017,MENDOZA,Truck,5102
2017,PRES. QUIRINO AVE.,Truck,5958
2017,ARANETA AVE.,Truck,4163
2017,EDSA,Truck,8830
2017,KATIPUNAN / C.P. GARCIA,Truck,10121
2017,ROXAS BLVD.,Truck,747
2017,TAFT AVE.,Truck,640
2017,SSH,Truck,5182
2017,SHAW BLVD.,Truck,1054
2017,ORTIGAS AVE.,Truck,5029
2017,MAGSAYSAY BLVD.,Truck,2859
2017,AURORA BLVD.,Truck,3674
2017,QUEZON AVE.,Truck,3664
2017,COMMONWEALTH AVE.,Truck,7872
2017,A. BONIFACIO,Truck,9278
2017,RIZAL AVE.,Truck,2012
2017,DEL PAN,Truck,5686
2017,MARCOS HIGHWAY,Truck,6534
2017,MCARTHUR HIGHWAY,Truck,3208
2017,TOTAL,Truck,91297
2017,RECTO,Trailer,3
2017,MENDOZA,Trailer,731
2017,PRES. QUIRINO AVE.,Trailer,981
2017,ARANETA AVE.,Trailer,607
2017,EDSA,Trailer,2
2017,KATIPUNAN / C.P. GARCIA,Trailer,680
2017,ROXAS BLVD.,Trailer,1111
2017,TAFT AVE.,Trailer,10
2017,SSH,Trailer,2376
2017,SHAW BLVD.,Trailer,126
2017,ORTIGAS AVE.,Trailer,681
2017,MAGSAYSAY BLVD.,Trailer,336
2017,AURORA BLVD.,Trailer,712
2017,QUEZON AVE.,Trailer,244
2017,COMMONWEALTH AVE.,Trailer,518
2017,A. BONIFACIO,Trailer,3915
2017,RIZAL AVE.,Trailer,3
2017,DEL PAN,Trailer,7886
2017,MARCOS HIGHWAY,Trailer,412
2017,MCARTHUR HIGHWAY,Trailer,506
2017,TOTAL,Trailer,21840
2017,RECTO,MC,19551
2017,MENDOZA,MC,21983
2017,PRES. QUIRINO AVE.,MC,27686
2017,ARANETA AVE.,MC,26107
2017,EDSA,MC,69438
2017,KATIPUNAN / C.P. GARCIA,MC,57881
2017,ROXAS BLVD.,MC,42191
2017,TAFT AVE.,MC,18028
2017,SSH,MC,21797
2017,SHAW BLVD.,MC,30724
2017,ORTIGAS AVE.,MC,50769
2017,MAGSAYSAY BLVD.,MC,28878
2017,AURORA BLVD.,MC,25614
2017,QUEZON AVE.,MC,40759
2017,COMMONWEALTH AVE.,MC,74492
2017,A. BONIFACIO,MC,11938
2017,RIZAL AVE.,MC,29449
2017,DEL PAN,MC,23167
2017,MARCOS HIGHWAY,MC,42019
2017,MCARTHUR HIGHWAY,MC,34852
2017,TOTAL,MC,697323
2017,RECTO,Tricycle,3253
2017,MENDOZA,Tricycle,987
2017,PRES. QUIRINO AVE.,Tricycle,1867
2017,ARANETA AVE.,Tricycle,2675
2017,EDSA,Tricycle,28
2017,KATIPUNAN / C.P. GARCIA,Tricycle,19
2017,ROXAS BLVD.,Tricycle,116
2017,TAFT AVE.,Tricycle,570
2017,SSH,Tricycle,62
2017,SHAW BLVD.,Tricycle,6
2017,ORTIGAS AVE.,Tricycle,376
2017,MAGSAYSAY BLVD.,Tricycle,1241
2017,AURORA BLVD.,Tricycle,314
2017,QUEZON AVE.,Tricycle,47
2017,COMMONWEALTH AVE.,Tricycle,1210
2017,A. BONIFACIO,Tricycle,650
2017,RIZAL AVE.,Tricycle,1565
2017,DEL PAN,Tricycle,2011
2017,MARCOS HIGHWAY,Tricycle,169
2017,MCARTHUR HIGHWAY,Tricycle,206
2017,TOTAL,Tricycle,17372
2017,RECTO,Total,64677
2017,MENDOZA,Total,84379
2017,PRES. QUIRINO AVE.,Total,105118
2017,ARANETA AVE.,Total,80330
2017,EDSA,Total,367728
2017,KATIPUNAN / C.P. GARCIA,Total,218751
2017,ROXAS BLVD.,Total,191120
2017,TAFT AVE.,Total,90586
2017,SSH,Total,103375
2017,SHAW BLVD.,Total,101618
2017,ORTIGAS AVE.,Total,153955
2017,MAGSAYSAY BLVD.,Total,102573
2017,AURORA BLVD.,Total,98634
2017,QUEZON AVE.,Total,195335
2017,COMMONWEALTH AVE.,Total,272770
2017,A. BONIFACIO,Total,81740
2017,RIZAL AVE.,Total,81740
2017,DEL PAN,Total,80285
2017,MARCOS HIGHWAY,Total,162562
2017,MCARTHUR HIGHWAY,Total,82957
2017,TOTAL,Total,2699051
2018,RECTO,Car,24537
2018,MENDOZA,Car,56353
2018,PRES. QUIRINO AVE.,Car,65444
2018,ARANETA AVE.,Car,38740
2018,EDSA,Car,251628
2018,C.P. GARCIA / KATIPUNAN AVE. / TANDANG SORA,Car,133427
2018,ROXAS BLVD.,Car,129475
2018,TAFT AVE.,Car,37789
2018,SSH,Car,56104
2018,SHAW BLVD.,Car,52128
2018,ORTIGAS AVE.,Car,79128
2018,MAGSAYSAY BLVD.,Car,59811
2018,AURORA BLVD.,Car,37881
2018,QUEZON AVE.,Car,120080
2018,COMMONWEALTH AVE.,Car,131521
2018,A. BONIFACIO,Car,32136
2018,RIZAL AVE.,Car,37404
2018,DEL PAN,Car,32883
2018,MARCOS HIGHWAY,Car,98705
2018,MCARTHUR HIGHWAY,Car,34663
2018,TOTAL,Car,1509837
2018,RECTO,PUJ,10487
2018,MENDOZA,PUJ,94
2018,PRES. QUIRINO AVE.,PUJ,1301
2018,ARANETA AVE.,PUJ,1351
2018,EDSA,PUJ,1940
2018,C.P. GARCIA / KATIPUNAN AVE. / TANDANG SORA,PUJ,1378
2018,ROXAS BLVD.,PUJ,86
2018,TAFT AVE.,PUJ,11974
2018,SSH,PUJ,39
2018,SHAW BLVD.,PUJ,5801
2018,ORTIGAS AVE.,PUJ,10674
2018,MAGSAYSAY BLVD.,PUJ,6089
2018,AURORA BLVD.,PUJ,14975
2018,QUEZON AVE.,PUJ,6230
2018,COMMONWEALTH AVE.,PUJ,12447
2018,A. BONIFACIO,PUJ,2980
2018,RIZAL AVE.,PUJ,11440
2018,DEL PAN,PUJ,1738
2018,MARCOS HIGHWAY,PUJ,13152
2018,MCARTHUR HIGHWAY,PUJ,8398
2018,TOTAL,PUJ,122574
2018,RECTO,UV,2262
2018,MENDOZA,UV,579
2018,PRES. QUIRINO AVE.,UV,353
2018,ARANETA AVE.,UV,19
2018,EDSA,UV,6903
2018,C.P. GARCIA / KATIPUNAN AVE. / TANDANG SORA,UV,6886
2018,ROXAS BLVD.,UV,6366
2018,TAFT AVE.,UV,10737
2018,SSH,UV,384
2018,SHAW BLVD.,UV,3499
2018,ORTIGAS AVE.,UV,8542
2018,MAGSAYSAY BLVD.,UV,159
2018,AURORA BLVD.,UV,8361
2018,QUEZON AVE.,UV,11712
2018,COMMONWEALTH AVE.,UV,12547
2018,A. BONIFACIO,UV,161
2018,RIZAL AVE.,UV,42
2018,DEL PAN,UV,153
2018,MARCOS HIGHWAY,UV,4006
2018,MCARTHUR HIGHWAY,UV,21
2018,TOTAL,UV,83692
2018,RECTO,Taxi,3040
2018,MENDOZA,Taxi,3582
2018,PRES. QUIRINO AVE.,Taxi,5111
2018,ARANETA AVE.,Taxi,3604
2018,EDSA,Taxi,20871
2018,C.P. GARCIA / KATIPUNAN AVE. / TANDANG SORA,Taxi,6552
2018,ROXAS BLVD.,Taxi,16387
2018,TAFT AVE.,Taxi,5644
2018,SSH,Taxi,4382
2018,SHAW BLVD.,Taxi,3684
2018,ORTIGAS AVE.,Taxi,3946
2018,MAGSAYSAY BLVD.,Taxi,4776
2018,AURORA BLVD.,Taxi,6047
2018,QUEZON AVE.,Taxi,12142
2018,COMMONWEALTH AVE.,Taxi,15878
2018,A. BONIFACIO,Taxi,881
2018,RIZAL AVE.,Taxi,3062
2018,DEL PAN,Taxi,2839
2018,MARCOS HIGHWAY,Taxi,6797
2018,MCARTHUR HIGHWAY,Taxi,4189
2018,TOTAL,Taxi,137486
2018,RECTO,PUB,1489
2018,MENDOZA,PUB,190
2018,PRES. QUIRINO AVE.,PUB,113
2018,ARANETA AVE.,PUB,10
2018,EDSA,PUB,13356
2018,C.P. GARCIA / KATIPUNAN AVE. / TANDANG SORA,PUB,908
2018,ROXAS BLVD.,PUB,1782
2018,TAFT AVE.,PUB,1429
2018,SSH,PUB,748
2018,SHAW BLVD.,PUB,69
2018,ORTIGAS AVE.,PUB,1115
2018,MAGSAYSAY BLVD.,PUB,756
2018,AURORA BLVD.,PUB,70
2018,QUEZON AVE.,PUB,1397
2018,COMMONWEALTH AVE.,PUB,5608
2018,A. BONIFACIO,PUB,1408
2018,RIZAL AVE.,PUB,370
2018,DEL PAN,PUB,84
2018,MARCOS HIGHWAY,PUB,733
2018,MCARTHUR HIGHWAY,PUB,2034
2018,TOTAL,PUB,35709
2018,RECTO,Truck,558
2018,MENDOZA,Truck,5016
2018,PRES. QUIRINO AVE.,Truck,6248
2018,ARANETA AVE.,Truck,4610
2018,EDSA,Truck,3027
2018,C.P. GARCIA / KATIPUNAN AVE. / TANDANG SORA,Truck,12624
2018,ROXAS BLVD.,Truck,992
2018,TAFT AVE.,Truck,692
2018,SSH,Truck,6807
2018,SHAW BLVD.,Truck,1250
2018,ORTIGAS AVE.,Truck,5515
2018,MAGSAYSAY BLVD.,Truck,2821
2018,AURORA BLVD.,Truck,2027
2018,QUEZON AVE.,Truck,4123
2018,COMMONWEALTH AVE.,Truck,5905
2018,A. BONIFACIO,Truck,8662
2018,RIZAL AVE.,Truck,2618
2018,DEL PAN,Truck,5416
2018,MARCOS HIGHWAY,Truck,5351
2018,MCARTHUR HIGHWAY,Truck,2936
2018,TOTAL,Truck,87198
2018,RECTO,Trailer,7
2018,MENDOZA,Trailer,746
2018,PRES. QUIRINO AVE.,Trailer,1043
2018,ARANETA AVE.,Trailer,445
2018,EDSA,Trailer,6
2018,C.P. GARCIA / KATIPUNAN AVE. / TANDANG SORA,Trailer,790
2018,ROXAS BLVD.,Trailer,2795
2018,TAFT AVE.,Trailer,4
2018,SSH,Trailer,2872
2018,SHAW BLVD.,Trailer,155
2018,ORTIGAS AVE.,Trailer,638
2018,MAGSAYSAY BLVD.,Trailer,412
2018,AURORA BLVD.,Trailer,38
2018,QUEZON AVE.,Trailer,319
2018,COMMONWEALTH AVE.,Trailer,381
2018,A. BONIFACIO,Trailer,2095
2018,RIZAL AVE.,Trailer,4
2018,DEL PAN,Trailer,8235
2018,MARCOS HIGHWAY,Trailer,369
2018,MCARTHUR HIGHWAY,Trailer,516
2018,TOTAL,Trailer,22470
2018,RECTO,MC,21742
2018,MENDOZA,MC,20673
2018,PRES. QUIRINO AVE.,MC,27239
2018,ARANETA AVE.,MC,30289
2018,EDSA,MC,86082
2018,C.P. GARCIA / KATIPUNAN AVE. / TANDANG SORA,MC,73169
2018,ROXAS BLVD.,MC,45199
2018,TAFT AVE.,MC,20338
2018,SSH,MC,29545
2018,SHAW BLVD.,MC,36486
2018,ORTIGAS AVE.,MC,64245
2018,MAGSAYSAY BLVD.,MC,37237
2018,AURORA BLVD.,MC,33970
2018,QUEZON AVE.,MC,44462
2018,COMMONWEALTH AVE.,MC,60040
2018,A. BONIFACIO,MC,14271
2018,RIZAL AVE.,MC,32959
2018,DEL PAN,MC,28426
2018,MARCOS HIGHWAY,MC,49597
2018,MCARTHUR HIGHWAY,MC,39159
2018,TOTAL,MC,795128
2018,RECTO,Tricycle,2692
2018,MENDOZA,Tricycle,1411
2018,PRES. QUIRINO AVE.,Tricycle,1740
2018,ARANETA AVE.,Tricycle,2151
2018,EDSA,Tricycle,15
2018,C.P. GARCIA / KATIPUNAN AVE. / TANDANG SORA,Tricycle,10
2018,ROXAS BLVD.,Tricycle,405
2018,TAFT AVE.,Tricycle,459
2018,SSH,Tricycle,28
2018,SHAW BLVD.,Tricycle,5
2018,ORTIGAS AVE.,Tricycle,677
2018,MAGSAYSAY BLVD.,Tricycle,1666
2018,AURORA BLVD.,Tricycle,94
2018,QUEZON AVE.,Tricycle,67
2018,COMMONWEALTH AVE.,Tricycle,589
2018,A. BONIFACIO,Tricycle,882
2018,RIZAL AVE.,Tricycle,1574
2018,DEL PAN,Tricycle,2483
2018,MARCOS HIGHWAY,Tricycle,164
2018,MCARTHUR HIGHWAY,Tricycle,249
2018,TOTAL,Tricycle,17361
2018,RECTO,Total,66814
2018,MENDOZA,Total,88644
2018,PRES. QUIRINO AVE.,Total,108952
2018,ARANETA AVE.,Total,81219
2018,EDSA,Total,383828
2018,C.P. GARCIA / KATIPUNAN AVE. / TANDANG SORA,Total,235744
2018,ROXAS BLVD.,Total,203487
2018,TAFT AVE.,Total,91766
2018,SSH,Total,100909
2018,SHAW BLVD.,Total,103077
2018,ORTIGAS AVE.,Total,174480
2018,MAGSAYSAY BLVD.,Total,113727
2018,AURORA BLVD.,Total,103463
2018,QUEZON AVE.,Total,204604
2018,COMMONWEALTH AVE.,Total,244916
2018,A. BONIFACIO,Total,64076
2018,RIZAL AVE.,Total,89479
2018,DEL PAN,Total,82257
2018,MARCOS HIGHWAY,Total,178214
2018,MCARTHUR HIGHWAY,Total,92165
2018,TOTAL,Total,2811455
2019,RECTO,Car,21909
2019,MENDOZA,Car,50045
2019,PRES. QUIRINO AVE.,Car,63263
2019,ARANETA AVE.,Car,42708
2019,EDSA,Car,255732
2019,C.P. GARCIA / KATIPUNAN AVE. / TANDANG SORA,Car,124426
2019,ROXAS BLVD.,Car,121467
2019,TAFT AVE.,Car,39103
2019,SSH,Car,72648
2019,SHAW BLVD.,Car,50205
2019,ORTIGAS AVE.,Car,70603
2019,MAGSAYSAY BLVD.,Car,56398
2019,AURORA BLVD.,Car,39342
2019,QUEZON AVE.,Car,123395
2019,COMMONWEALTH AVE.,Car,151705
2019,A. BONIFACIO,Car,38149
2019,RIZAL AVE.,Car,35836
2019,DEL PAN,Car,27652
2019,MARCOS HIGHWAY,Car,106031
2019,MCARTHUR HIGHWAY,Car,36050
2019,TOTAL,Car,1526667
2019,RECTO,PUJ,10115
2019,MENDOZA,PUJ,59
2019,PRES. QUIRINO AVE.,PUJ,1329
2019,ARANETA AVE.,PUJ,2172
2019,EDSA,PUJ,2166
2019,C.P. GARCIA / KATIPUNAN AVE. / TANDANG SORA,PUJ,967
2019,ROXAS BLVD.,PUJ,265
2019,TAFT AVE.,PUJ,10491
2019,SSH,PUJ,244
2019,SHAW BLVD.,PUJ,5508
2019,ORTIGAS AVE.,PUJ,11167
2019,MAGSAYSAY BLVD.,PUJ,6522
2019,AURORA BLVD.,PUJ,13873
2019,QUEZON AVE.,PUJ,12212
2019,COMMONWEALTH AVE.,PUJ,19985
2019,A. BONIFACIO,PUJ,3338
2019,RIZAL AVE.,PUJ,10263
2019,DEL PAN,PUJ,1309
2019,MARCOS HIGHWAY,PUJ,14727
2019,MCARTHUR HIGHWAY,PUJ,8705
2019,TOTAL,PUJ,135417
2019,RECTO,UV,2109
2019,MENDOZA,UV,295
2019,PRES. QUIRINO AVE.,UV,391
2019,ARANETA AVE.,UV,2
2019,EDSA,UV,6285
2019,C.P. GARCIA / KATIPUNAN AVE. / TANDANG SORA,UV,5421
2019,ROXAS BLVD.,UV,6885
2019,TAFT AVE.,UV,9458
2019,SSH,UV,570
2019,SHAW BLVD.,UV,3180
2019,ORTIGAS AVE.,UV,8351
2019,MAGSAYSAY BLVD.,UV,108
2019,AURORA BLVD.,UV,6476
2019,QUEZON AVE.,UV,7879
2019,COMMONWEALTH AVE.,UV,11034
2019,A. BONIFACIO,UV,197
2019,RIZAL AVE.,UV,76
2019,DEL PAN,UV,163
2019,MARCOS HIGHWAY,UV,3272
2019,MCARTHUR HIGHWAY,UV,16
2019,TOTAL,UV,72168
2019,RECTO,Taxi,2324
2019,MENDOZA,Taxi,3870
2019,PRES. QUIRINO AVE.,Taxi,3425
2019,ARANETA AVE.,Taxi,3672
2019,EDSA,Taxi,18913
2019,C.P. GARCIA / KATIPUNAN AVE. / TANDANG SORA,Taxi,4533
2019,ROXAS BLVD.,Taxi,13511
2019,TAFT AVE.,Taxi,4584
2019,SSH,Taxi,5728
2019,SHAW BLVD.,Taxi,3399
2019,ORTIGAS AVE.,Taxi,2790
2019,MAGSAYSAY BLVD.,Taxi,5444
2019,AURORA BLVD.,Taxi,6717
2019,QUEZON AVE.,Taxi,15371
2019,COMMONWEALTH AVE.,Taxi,17245
2019,A. BONIFACIO,Taxi,847
2019,RIZAL AVE.,Taxi,2602
2019,DEL PAN,Taxi,2391
2019,MARCOS HIGHWAY,Taxi,8380
2019,MCARTHUR HIGHWAY,Taxi,3974
2019,TOTAL,Taxi,129720
2019,RECTO,PUB,719
2019,MENDOZA,PUB,235
2019,PRES. QUIRINO AVE.,PUB,48
2019,ARANETA AVE.,PUB,30
2019,EDSA,PUB,11313
2019,C.P. GARCIA / KATIPUNAN AVE. / TANDANG SORA,PUB,541
2019,ROXAS BLVD.,PUB,1530
2019,TAFT AVE.,PUB,3382
2019,SSH,PUB,763
2019,SHAW BLVD.,PUB,99
2019,ORTIGAS AVE.,PUB,1790
2019,MAGSAYSAY BLVD.,PUB,941
2019,AURORA BLVD.,PUB,463
2019,QUEZON AVE.,PUB,1223
2019,COMMONWEALTH AVE.,PUB,4235
2019,A. BONIFACIO,PUB,1452
2019,RIZAL AVE.,PUB,474
2019,DEL PAN,PUB,48
2019,MARCOS HIGHWAY,PUB,257
2019,MCARTHUR HIGHWAY,PUB,2077
2019,TOTAL,PUB,31620
2019,RECTO,Truck,762
2019,MENDOZA,Truck,5592
2019,PRES. QUIRINO AVE.,Truck,7591
2019,ARANETA AVE.,Truck,3718
2019,EDSA,Truck,1297
2019,C.P. GARCIA / KATIPUNAN AVE. / TANDANG SORA,Truck,10175
2019,ROXAS BLVD.,Truck,975
2019,TAFT AVE.,Truck,729
2019,SSH,Truck,7603
2019,SHAW BLVD.,Truck,1362
2019,ORTIGAS AVE.,Truck,3986
2019,MAGSAYSAY BLVD.,Truck,4340
2019,AURORA BLVD.,Truck,1801
2019,QUEZON AVE.,Truck,5278
2019,COMMONWEALTH AVE.,Truck,6336
2019,A. BONIFACIO,Truck,8551
2019,RIZAL AVE.,Truck,3357
2019,DEL PAN,Truck,4791
2019,MARCOS HIGHWAY,Truck,6199
2019,MCARTHUR HIGHWAY,Truck,2533
2019,TOTAL,Truck,86976
2019,RECTO,Trailer,28
2019,MENDOZA,Trailer,877
2019,PRES. QUIRINO AVE.,Trailer,1442
2019,ARANETA AVE.,Trailer,697
2019,EDSA,Trailer,0
2019,C.P. GARCIA / KATIPUNAN AVE. / TANDANG SORA,Trailer,960
2019,ROXAS BLVD.,Trailer,3079
2019,TAFT AVE.,Trailer,1
2019,SSH,Trailer,2716
2019,SHAW BLVD.,Trailer,91
2019,ORTIGAS AVE.,Trailer,418
2019,MAGSAYSAY BLVD.,Trailer,938
2019,AURORA BLVD.,Trailer,19
2019,QUEZON AVE.,Trailer,403
2019,COMMONWEALTH AVE.,Trailer,470
2019,A. BONIFACIO,Trailer,2396
2019,RIZAL AVE.,Trailer,56
2019,DEL PAN,Trailer,6173
2019,MARCOS HIGHWAY,Trailer,441
2019,MCARTHUR HIGHWAY,Trailer,348
2019,TOTAL,Trailer,21553
2019,RECTO,MC,25439
2019,MENDOZA,MC,28978
2019,PRES. QUIRINO AVE.,MC,38103
2019,ARANETA AVE.,MC,36526
2019,EDSA,MC,110167
2019,C.P. GARCIA / KATIPUNAN AVE. / TANDANG SORA,MC,88996
2019,ROXAS BLVD.,MC,55657
2019,TAFT AVE.,MC,30948
2019,SSH,MC,40082
2019,SHAW BLVD.,MC,41082
2019,ORTIGAS AVE.,MC,81171
2019,MAGSAYSAY BLVD.,MC,43178
2019,AURORA BLVD.,MC,51539
2019,QUEZON AVE.,MC,63892
2019,COMMONWEALTH AVE.,MC,105654
2019,A. BONIFACIO,MC,18028
2019,RIZAL AVE.,MC,41086
2019,DEL PAN,MC,39519
2019,MARCOS HIGHWAY,MC,81732
2019,MCARTHUR HIGHWAY,MC,44030
2019,TOTAL,MC,1065087
2019,RECTO,Tricycle,2722
2019,MENDOZA,Tricycle,1328
2019,PRES. QUIRINO AVE.,Tricycle,1175
2019,ARANETA AVE.,Tricycle,2908
2019,EDSA,Tricycle,9
2019,C.P. GARCIA / KATIPUNAN AVE. / TANDANG SORA,Tricycle,41
2019,ROXAS BLVD.,Tricycle,213
2019,TAFT AVE.,Tricycle,1369
2019,SSH,Tricycle,80
2019,SHAW BLVD.,Tricycle,20
2019,ORTIGAS AVE.,Tricycle,461
2019,MAGSAYSAY BLVD.,Tricycle,1951
2019,AURORA BLVD.,Tricycle,155
2019,QUEZON AVE.,Tricycle,446
2019,COMMONWEALTH AVE.,Tricycle,807
2019,A. BONIFACIO,Tricycle,328
2019,RIZAL AVE.,Tricycle,1291
2019,DEL PAN,Tricycle,2233
2019,MARCOS HIGHWAY,Tricycle,321
2019,MCARTHUR HIGHWAY,Tricycle,194
2019,TOTAL,Tricycle,18052
2019,RECTO,Total,66127
2019,MENDOZA,Total,91279
2019,PRES. QUIRINO AVE.,Total,116767
2019,ARANETA AVE.,Total,92433
2019,EDSA,Total,405882
2019,C.P. GARCIA / KATIPUNAN AVE. / TANDANG SORA,Total,236060
2019,ROXAS BLVD.,Total,203582
2019,TAFT AVE.,Total,100065
2019,SSH,Total,130434
2019,SHAW BLVD.,Total,104946
2019,ORTIGAS AVE.,Total,180737
2019,MAGSAYSAY BLVD.,Total,119820
2019,AURORA BLVD.,Total,120385
2019,QUEZON AVE.,Total,230099
2019,COMMONWEALTH AVE.,Total,317477
2019,A. BONIFACIO,Total,73286
2019,RIZAL AVE.,Total,95041
2019,DEL PAN,Total,84279
2019,MARCOS HIGHWAY,Total,221360
2019,MCARTHUR HIGHWAY,Total,97927
2019,TOTAL,Total,3087980
2020,RECTO,Car,28622
2020,MENDOZA,Car,36698
2020,PRES. QUIRINO AVE.,Car,30541
2020,ARANETA AVE.,Car,35696
2020,EDSA,Car,193788
2020,C.P. GARCIA / KATIPUNAN AVE. / TANDANG SORA,Car,100846
2020,ROXAS BLVD.,Car,105863
2020,TAFT AVE.,Car,38695
2020,SSH,Car,69900
2020,SHAW BLVD.,Car,46235
2020,ORTIGAS AVE.,Car,80679
2020,MAGSAYSAY BLVD.,Car,48380
2020,AURORA BLVD.,Car,40912
2020,QUEZON AVE.,Car,126286
2020,COMMONWEALTH AVE.,Car,148343
2020,A. BONIFACIO,Car,41356
2020,RIZAL AVE.,Car,30980
2020,DEL PAN,Car,45911
2020,MARCOS HIGHWAY,Car,102714
2020,MCARTHUR HIGHWAY,Car,33129
2020,TOTAL,Car,1384674
2020,RECTO,PUJ,4762
2020,MENDOZA,PUJ,544
2020,PRES. QUIRINO AVE.,PUJ,176
2020,ARANETA AVE.,PUJ,762
2020,EDSA,PUJ,225
2020,C.P. GARCIA / KATIPUNAN AVE. / TANDANG SORA,PUJ,316
2020,ROXAS BLVD.,PUJ,105
2020,TAFT AVE.,PUJ,13043
2020,SSH,PUJ,0
2020,SHAW BLVD.,PUJ,737
2020,ORTIGAS AVE.,PUJ,2425
2020,MAGSAYSAY BLVD.,PUJ,10
2020,AURORA BLVD.,PUJ,12027
2020,QUEZON AVE.,PUJ,6676
2020,COMMONWEALTH AVE.,PUJ,168
2020,A. BONIFACIO,PUJ,1600
2020,RIZAL AVE.,PUJ,9986
2020,DEL PAN,PUJ,688
2020,MARCOS HIGHWAY,PUJ,12666
2020,MCARTHUR HIGHWAY,PUJ,8300
2020,TOTAL,PUJ,75726
2020,RECTO,UV,5
2020,MENDOZA,UV,44
2020,PRES. QUIRINO AVE.,UV,101
2020,ARANETA AVE.,UV,23
2020,EDSA,UV,1423
2020,C.P. GARCIA / KATIPUNAN AVE. / TANDANG SORA,UV,436
2020,ROXAS BLVD.,UV,1053
2020,TAFT AVE.,UV,12625
2020,SSH,UV,45
2020,SHAW BLVD.,UV,51
2020,ORTIGAS AVE.,UV,2611
2020,MAGSAYSAY BLVD.,UV,11
2020,AURORA BLVD.,UV,6726
2020,QUEZON AVE.,UV,12049
2020,COMMONWEALTH AVE.,UV,295
2020,A. BONIFACIO,UV,295
2020,RIZAL AVE.,UV,101
2020,DEL PAN,UV,28
2020,MARCOS HIGHWAY,UV,3313
2020,MCARTHUR HIGHWAY,UV,41
2020,TOTAL,UV,41064
2020,RECTO,Taxi,5395
2020,MENDOZA,Taxi,2152
2020,PRES. QUIRINO AVE.,Taxi,2636
2020,ARANETA AVE.,Taxi,3867
2020,EDSA,Taxi,19316
2020,C.P. GARCIA / KATIPUNAN AVE. / TANDANG SORA,Taxi,6941
2020,ROXAS BLVD.,Taxi,7689
2020,TAFT AVE.,Taxi,5888
2020,SSH,Taxi,5842
2020,SHAW BLVD.,Taxi,6217
2020,ORTIGAS AVE.,Taxi,4149
2020,MAGSAYSAY BLVD.,Taxi,6888
2020,AURORA BLVD.,Taxi,5712
2020,QUEZON AVE.,Taxi,14828
2020,COMMONWEALTH AVE.,Taxi,13643
2020,A. BONIFACIO,Taxi,1839
2020,RIZAL AVE.,Taxi,2204
2020,DEL PAN,Taxi,2304
2020,MARCOS HIGHWAY,Taxi,7762
2020,MCARTHUR HIGHWAY,Taxi,3720
2020,TOTAL,Taxi,130052
2020,RECTO,PUB,814
2020,MENDOZA,PUB,251
2020,PRES. QUIRINO AVE.,PUB,403
2020,ARANETA AVE.,PUB,21
2020,EDSA,PUB,3645
2020,C.P. GARCIA / KATIPUNAN AVE. / TANDANG SORA,PUB,347
2020,ROXAS BLVD.,PUB,851
2020,TAFT AVE.,PUB,3881
2020,SSH,PUB,175
2020,SHAW BLVD.,PUB,732
2020,ORTIGAS AVE.,PUB,3796
2020,MAGSAYSAY BLVD.,PUB,825
2020,AURORA BLVD.,PUB,508
2020,QUEZON AVE.,PUB,1428
2020,COMMONWEALTH AVE.,PUB,7688
2020,A. BONIFACIO,PUB,475
2020,RIZAL AVE.,PUB,449
2020,DEL PAN,PUB,254
2020,MARCOS HIGHWAY,PUB,454
2020,MCARTHUR HIGHWAY,PUB,2244
2020,TOTAL,PUB,28968
2020,RECTO,Truck,655
2020,MENDOZA,Truck,3115
2020,PRES. QUIRINO AVE.,Truck,1967
2020,ARANETA AVE.,Truck,3546
2020,EDSA,Truck,2136
2020,C.P. GARCIA / KATIPUNAN AVE. / TANDANG SORA,Truck,10996
2020,ROXAS BLVD.,Truck,1158
2020,TAFT AVE.,Truck,653
2020,SSH,Truck,6543
2020,SHAW BLVD.,Truck,1790
2020,ORTIGAS AVE.,Truck,4730
2020,MAGSAYSAY BLVD.,Truck,2755
2020,AURORA BLVD.,Truck,2001
2020,QUEZON AVE.,Truck,4311
2020,COMMONWEALTH AVE.,Truck,4169
2020,A. BONIFACIO,Truck,6898
2020,RIZAL AVE.,Truck,2938
2020,DEL PAN,Truck,6281
2020,MARCOS HIGHWAY,Truck,5125
2020,MCARTHUR HIGHWAY,Truck,9323
2020,TOTAL,Truck,82372
2020,RECTO,Trailer,0
2020,MENDOZA,Trailer,885
2020,PRES. QUIRINO AVE.,Trailer,759
2020,ARANETA AVE.,Trailer,661
2020,EDSA,Trailer,68
2020,C.P. GARCIA / KATIPUNAN AVE. / TANDANG SORA,Trailer,725
2020,ROXAS BLVD.,Trailer,2501
2020,TAFT AVE.,Trailer,0
2020,SSH,Trailer,2878
2020,SHAW BLVD.,Trailer,41
2020,ORTIGAS AVE.,Trailer,614
2020,MAGSAYSAY BLVD.,Trailer,349
2020,AURORA BLVD.,Trailer,14
2020,QUEZON AVE.,Trailer,203
2020,COMMONWEALTH AVE.,Trailer,865
2020,A. BONIFACIO,Trailer,1414
2020,RIZAL AVE.,Trailer,109
2020,DEL PAN,Trailer,7342
2020,MARCOS HIGHWAY,Trailer,225
2020,MCARTHUR HIGHWAY,Trailer,183
2020,TOTAL,Trailer,19247
2020,RECTO,MC,51636
2020,MENDOZA,MC,24296
2020,PRES. QUIRINO AVE.,MC,17680
2020,ARANETA AVE.,MC,38154
2020,EDSA,MC,107509
2020,C.P. GARCIA / KATIPUNAN AVE. / TANDANG SORA,MC,71797
2020,ROXAS BLVD.,MC,70184
2020,TAFT AVE.,MC,34297
2020,SSH,MC,54744
2020,SHAW BLVD.,MC,47331
2020,ORTIGAS AVE.,MC,73070
2020,MAGSAYSAY BLVD.,MC,50399
2020,AURORA BLVD.,MC,45195
2020,QUEZON AVE.,MC,71923
2020,COMMONWEALTH AVE.,MC,105325
2020,A. BONIFACIO,MC,25152
2020,RIZAL AVE.,MC,40721
2020,DEL PAN,MC,42621
2020,MARCOS HIGHWAY,MC,90421
2020,MCARTHUR HIGHWAY,MC,59340
2020,TOTAL,MC,1121225
2020,RECTO,Tricycle,2733
2020,MENDOZA,Tricycle,2490
2020,PRES. QUIRINO AVE.,Tricycle,1195
2020,ARANETA AVE.,Tricycle,2237
2020,EDSA,Tricycle,4
2020,C.P. GARCIA / KATIPUNAN AVE. / TANDANG SORA,Tricycle,14
2020,ROXAS BLVD.,Tricycle,142
2020,TAFT AVE.,Tricycle,1833
2020,SSH,Tricycle,88
2020,SHAW BLVD.,Tricycle,475
2020,ORTIGAS AVE.,Tricycle,416
2020,MAGSAYSAY BLVD.,Tricycle,1943
2020,AURORA BLVD.,Tricycle,101
2020,QUEZON AVE.,Tricycle,55
2020,COMMONWEALTH AVE.,Tricycle,282
2020,A. BONIFACIO,Tricycle,923
2020,RIZAL AVE.,Tricycle,956
2020,DEL PAN,Tricycle,2166
2020,MARCOS HIGHWAY,Tricycle,453
2020,MCARTHUR HIGHWAY,Tricycle,190
2020,TOTAL,Tricycle,18506
2020,RECTO,Total,94622
2020,MENDOZA,Total,70475
2020,PRES. QUIRINO AVE.,Total,55468
2020,ARANETA AVE.,Total,84967
2020,EDSA,Total,328104
2020,C.P. GARCIA / KATIPUNAN AVE. / TANDANG SORA,Total,192418
2020,ROXAS BLVD.,Total,190626
2020,TAFT AVE.,Total,110916
2020,SSH,Total,142175
2020,SHAW BLVD.,Total,103609
2020,ORTIGAS AVE.,Total,172490
2020,MAGSAYSAY BLVD.,Total,111540
2020,AURORA BLVD.,Total,113196
2020,QUEZON AVE.,Total,237759
2020,COMMONWEALTH AVE.,Total,282873
2020,A. BONIFACIO,Total,81001
2020,RIZAL AVE.,Total,87544
2020,DEL PAN,Total,107595
2020,MARCOS HIGHWAY,Total,223133
2020,MCARTHUR HIGHWAY,Total,111470
2020,TOTAL,Total,2901384
2021,RECTO,Car,27447
2021,MENDOZA,Car,37472
2021,PRES. QUIRINO AVE.,Car,30942
2021,ARANETA AVE.,Car,58726
2021,EDSA,Car,199402
2021,C.P. GARCIA / KATIPUNAN AVE. / TANDANG SORA,Car,99316
2021,ROXAS BLVD.,Car,95063
2021,TAFT AVE.,Car,43676
2021,SSH,Car,96111
2021,SHAW BLVD.,Car,48612
2021,ORTIGAS AVE.,Car,73145
2021,MAGSAYSAY BLVD.,Car,57031
2021,AURORA BLVD.,Car,36367
2021,QUEZON AVE.,Car,120383
2021,COMMONWEALTH AVE.,Car,135153
2021,A. BONIFACIO,Car,27772
2021,RIZAL AVE.,Car,33217
2021,DEL PAN,Car,39187
2021,MARCOS HIGHWAY,Car,109691
2021,MCARTHUR HIGHWAY,Car,30529
2021,TOTAL,Car,1399242
2021,RECTO,PUJ,3980
2021,MENDOZA,PUJ,3384
2021,PRES. QUIRINO AVE.,PUJ,94
2021,ARANETA AVE.,PUJ,0
2021,EDSA,PUJ,1638
2021,C.P. GARCIA / KATIPUNAN AVE. / TANDANG SORA,PUJ,289
2021,ROXAS BLVD.,PUJ,9366
2021,TAFT AVE.,PUJ,8552
2021,SSH,PUJ,187
2021,SHAW BLVD.,PUJ,1127
2021,ORTIGAS AVE.,PUJ,6866
2021,MAGSAYSAY BLVD.,PUJ,5043
2021,AURORA BLVD.,PUJ,7424
2021,QUEZON AVE.,PUJ,2094
2021,COMMONWEALTH AVE.,PUJ,1740
2021,A. BONIFACIO,PUJ,3247
2021,RIZAL AVE.,PUJ,6683
2021,DEL PAN,PUJ,630
2021,MARCOS HIGHWAY,PUJ,7682
2021,MCARTHUR HIGHWAY,PUJ,3740
2021,TOTAL,PUJ,73766
2021,RECTO,UV,12
2021,MENDOZA,UV,9
2021,PRES. QUIRINO AVE.,UV,10
2021,ARANETA AVE.,UV,29
2021,EDSA,UV,2604
2021,C.P. GARCIA / KATIPUNAN AVE. / TANDANG SORA,UV,2121
2021,ROXAS BLVD.,UV,1988
2021,TAFT AVE.,UV,4400
2021,SSH,UV,80
2021,SHAW BLVD.,UV,757
2021,ORTIGAS AVE.,UV,3619
2021,MAGSAYSAY BLVD.,UV,43
2021,AURORA BLVD.,UV,1458
2021,QUEZON AVE.,UV,2813
2021,COMMONWEALTH AVE.,UV,4879
2021,A. BONIFACIO,UV,53
2021,RIZAL AVE.,UV,28
2021,DEL PAN,UV,38
2021,MARCOS HIGHWAY,UV,882
2021,MCARTHUR HIGHWAY,UV,24
2021,TOTAL,UV,25805
2021,RECTO,Taxi,4844
2021,MENDOZA,Taxi,3575
2021,PRES. QUIRINO AVE.,Taxi,2789
2021,ARANETA AVE.,Taxi,2361
2021,EDSA,Taxi,19287
2021,C.P. GARCIA / KATIPUNAN AVE. / TANDANG SORA,Taxi,4685
2021,ROXAS BLVD.,Taxi,11734
2021,TAFT AVE.,Taxi,5970
2021,SSH,Taxi,5740
2021,SHAW BLVD.,Taxi,7958
2021,ORTIGAS AVE.,Taxi,3176
2021,MAGSAYSAY BLVD.,Taxi,7255
2021,AURORA BLVD.,Taxi,4200
2021,QUEZON AVE.,Taxi,13139
2021,COMMONWEALTH AVE.,Taxi,14663
2021,A. BONIFACIO,Taxi,1101
2021,RIZAL AVE.,Taxi,3494
2021,DEL PAN,Taxi,2391
2021,MARCOS HIGHWAY,Taxi,7659
2021,MCARTHUR HIGHWAY,Taxi,4834
2021,TOTAL,Taxi,130855
2021,RECTO,PUB,431
2021,MENDOZA,PUB,68
2021,PRES. QUIRINO AVE.,PUB,56
2021,ARANETA AVE.,PUB,1
2021,EDSA,PUB,5527
2021,C.P. GARCIA / KATIPUNAN AVE. / TANDANG SORA,PUB,340
2021,ROXAS BLVD.,PUB,1575
2021,TAFT AVE.,PUB,1865
2021,SSH,PUB,367
2021,SHAW BLVD.,PUB,325
2021,ORTIGAS AVE.,PUB,3177
2021,MAGSAYSAY BLVD.,PUB,391
2021,AURORA BLVD.,PUB,1005
2021,QUEZON AVE.,PUB,1111
2021,COMMONWEALTH AVE.,PUB,5879
2021,A. BONIFACIO,PUB,550
2021,RIZAL AVE.,PUB,543
2021,DEL PAN,PUB,147
2021,MARCOS HIGHWAY,PUB,480
2021,MCARTHUR HIGHWAY,PUB,855
2021,TOTAL,PUB,24693
2021,RECTO,Truck,924
2021,MENDOZA,Truck,8186
2021,PRES. QUIRINO AVE.,Truck,3397
2021,ARANETA AVE.,Truck,2200
2021,EDSA,Truck,2188
2021,C.P. GARCIA / KATIPUNAN AVE. / TANDANG SORA,Truck,10535
2021,ROXAS BLVD.,Truck,3076
2021,TAFT AVE.,Truck,1022
2021,SSH,Truck,6664
2021,SHAW BLVD.,Truck,798
2021,ORTIGAS AVE.,Truck,4571
2021,MAGSAYSAY BLVD.,Truck,2138
2021,AURORA BLVD.,Truck,1922
2021,QUEZON AVE.,Truck,4493
2021,COMMONWEALTH AVE.,Truck,5914
2021,A. BONIFACIO,Truck,8334
2021,RIZAL AVE.,Truck,2788
2021,DEL PAN,Truck,6043
2021,MARCOS HIGHWAY,Truck,6687
2021,MCARTHUR HIGHWAY,Truck,2858
2021,TOTAL,Truck,84738
2021,RECTO,Trailer,80
2021,MENDOZA,Trailer,1897
2021,PRES. QUIRINO AVE.,Trailer,754
2021,ARANETA AVE.,Trailer,447
2021,EDSA,Trailer,45
2021,C.P. GARCIA / KATIPUNAN AVE. / TANDANG SORA,Trailer,1281
2021,ROXAS BLVD.,Trailer,1849
2021,TAFT AVE.,Trailer,7
2021,SSH,Trailer,2093
2021,SHAW BLVD.,Trailer,101
2021,ORTIGAS AVE.,Trailer,486
2021,MAGSAYSAY BLVD.,Trailer,380
2021,AURORA BLVD.,Trailer,20
2021,QUEZON AVE.,Trailer,287
2021,COMMONWEALTH AVE.,Trailer,916
2021,A. BONIFACIO,Trailer,1162
2021,RIZAL AVE.,Trailer,0
2021,DEL PAN,Trailer,6056
2021,MARCOS HIGHWAY,Trailer,522
2021,MCARTHUR HIGHWAY,Trailer,194
2021,TOTAL,Trailer,18477
2021,RECTO,MC,45082
2021,MENDOZA,MC,54136
2021,PRES. QUIRINO AVE.,MC,33872
2021,ARANETA AVE.,MC,36033
2021,EDSA,MC,141564
2021,C.P. GARCIA / KATIPUNAN AVE. / TANDANG SORA,MC,93681
2021,ROXAS BLVD.,MC,81895
2021,TAFT AVE.,MC,45146
2021,SSH,MC,75867
2021,SHAW BLVD.,MC,45517
2021,ORTIGAS AVE.,MC,90210
2021,MAGSAYSAY BLVD.,MC,66360
2021,AURORA BLVD.,MC,48318
2021,QUEZON AVE.,MC,117718
2021,COMMONWEALTH AVE.,MC,133591
2021,A. BONIFACIO,MC,29066
2021,RIZAL AVE.,MC,59406
2021,DEL PAN,MC,44121
2021,MARCOS HIGHWAY,MC,99611
2021,MCARTHUR HIGHWAY,MC,80178
2021,TOTAL,MC,1421624
2021,RECTO,Tricycle,1660
2021,MENDOZA,Tricycle,662
2021,PRES. QUIRINO AVE.,Tricycle,266
2021,ARANETA AVE.,Tricycle,488
2021,EDSA,Tricycle,16
2021,C.P. GARCIA / KATIPUNAN AVE. / TANDANG SORA,Tricycle,37
2021,ROXAS BLVD.,Tricycle,2793
2021,TAFT AVE.,Tricycle,307
2021,SSH,Tricycle,80
2021,SHAW BLVD.,Tricycle,10
2021,ORTIGAS AVE.,Tricycle,449
2021,MAGSAYSAY BLVD.,Tricycle,1292
2021,AURORA BLVD.,Tricycle,98
2021,QUEZON AVE.,Tricycle,90
2021,COMMONWEALTH AVE.,Tricycle,22
2021,A. BONIFACIO,Tricycle,1222
2021,RIZAL AVE.,Tricycle,747
2021,DEL PAN,Tricycle,3753
2021,MARCOS HIGHWAY,Tricycle,252
2021,MCARTHUR HIGHWAY,Tricycle,200
2021,TOTAL,Tricycle,18455
2021,RECTO,Total,84460
2021,MENDOZA,Total,109389
2021,PRES. QUIRINO AVE.,Total,72382
2021,ARANETA AVE.,Total,100265
2021,EDSA,Total,372271
2021,C.P. GARCIA / KATIPUNAN AVE. / TANDANG SORA,Total,212285
2021,ROXAS BLVD.,Total,209339
2021,TAFT AVE.,Total,114715
2021,SSH,Total,187189
2021,SHAW BLVD.,Total,105205
2021,ORTIGAS AVE.,Total,185699
2021,MAGSAYSAY BLVD.,Total,139933
2021,AURORA BLVD.,Total,100812
2021,QUEZON AVE.,Total,262128
2021,COMMONWEALTH AVE.,Total,302316
2021,A. BONIFACIO,Total,72507
2021,RIZAL AVE.,Total,106906
2021,DEL PAN,Total,120816
2021,MARCOS HIGHWAY,Total,233464
2021,MCARTHUR HIGHWAY,Total,123390
2021,TOTAL,Total,3197673
2022,RECTO,Car,27587
2022,MENDOZA,Car,83148
2022,PRES. QUIRINO AVE.,Car,98697
2022,ARANETA AVE.,Car,59994
2022,EDSA,Car,202764
2022,C.P. GARCIA / KATIPUNAN AVE. / TANDANG SORA,Car,93518
2022,ROXAS BLVD.,Car,90403
2022,TAFT AVE.,Car,79342
2022,SSH,Car,146455
2022,SHAW BLVD.,Car,47526
2022,ORTIGAS AVE.,Car,66372
2022,MAGSAYSAY BLVD.,Car,47686
2022,AURORA BLVD.,Car,43305
2022,QUEZON AVE.,Car,130465
2022,COMMONWEALTH AVE.,Car,153029
2022,A. BONIFACIO,Car,38717
2022,RIZAL AVE.,Car,29917
2022,DEL PAN,Car,34415
2022,MARCOS HIGHWAY,Car,100373
2022,MCARTHUR HIGHWAY,Car,24724
2022,TOTAL,Car,1563069
2022,RECTO,PUJ,6749
2022,MENDOZA,PUJ,523
2022,PRES. QUIRINO AVE.,PUJ,6002
2022,ARANETA AVE.,PUJ,14
2022,EDSA,PUJ,1803
2022,C.P. GARCIA / KATIPUNAN AVE. / TANDANG SORA,PUJ,405
2022,ROXAS BLVD.,PUJ,6026
2022,TAFT AVE.,PUJ,14622
2022,SSH,PUJ,16471
2022,SHAW BLVD.,PUJ,2545
2022,ORTIGAS AVE.,PUJ,4454
2022,MAGSAYSAY BLVD.,PUJ,6144
2022,AURORA BLVD.,PUJ,7954
2022,QUEZON AVE.,PUJ,6252
2022,COMMONWEALTH AVE.,PUJ,5520
2022,A. BONIFACIO,PUJ,4115
2022,RIZAL AVE.,PUJ,7354
2022,DEL PAN,PUJ,405
2022,MARCOS HIGHWAY,PUJ,7861
2022,MCARTHUR HIGHWAY,PUJ,4074
2022,TOTAL,PUJ,100876
2022,RECTO,UV,756
2022,MENDOZA,UV,243
2022,PRES. QUIRINO AVE.,UV,1885
2022,ARANETA AVE.,UV,2768
2022,EDSA,UV,2475
2022,C.P. GARCIA / KATIPUNAN AVE. / TANDANG SORA,UV,2668
2022,ROXAS BLVD.,UV,4246
2022,TAFT AVE.,UV,2481
2022,SSH,UV,2866
2022,SHAW BLVD.,UV,1412
2022,ORTIGAS AVE.,UV,1612
2022,MAGSAYSAY BLVD.,UV,1394
2022,AURORA BLVD.,UV,2163
2022,QUEZON AVE.,UV,2963
2022,COMMONWEALTH AVE.,UV,4223
2022,A. BONIFACIO,UV,2318
2022,RIZAL AVE.,UV,1536
2022,DEL PAN,UV,1950
2022,MARCOS HIGHWAY,UV,805
2022,MCARTHUR HIGHWAY,UV,889
2022,TOTAL,UV,33639
2022,RECTO,Taxi,3554
2022,MENDOZA,Taxi,5384
2022,PRES. QUIRINO AVE.,Taxi,5383
2022,ARANETA AVE.,Taxi,2989
2022,EDSA,Taxi,18186
2022,C.P. GARCIA / KATIPUNAN AVE. / TANDANG SORA,Taxi,4123
2022,ROXAS BLVD.,Taxi,12498
2022,TAFT AVE.,Taxi,4923
2022,SSH,Taxi,9537
2022,SHAW BLVD.,Taxi,5385
2022,ORTIGAS AVE.,Taxi,8129
2022,MAGSAYSAY BLVD.,Taxi,3905
2022,AURORA BLVD.,Taxi,3701
2022,QUEZON AVE.,Taxi,11809
2022,COMMONWEALTH AVE.,Taxi,16026
2022,A. BONIFACIO,Taxi,1593
2022,RIZAL AVE.,Taxi,3157
2022,DEL PAN,Taxi,1163
2022,MARCOS HIGHWAY,Taxi,10736
2022,MCARTHUR HIGHWAY,Taxi,3659
2022,TOTAL,Taxi,125008
2022,RECTO,PUB,90
2022,MENDOZA,PUB,155
2022,PRES. QUIRINO AVE.,PUB,209
2022,ARANETA AVE.,PUB,38
2022,EDSA,PUB,5588
2022,C.P. GARCIA / KATIPUNAN AVE. / TANDANG SORA,PUB,230
2022,ROXAS BLVD.,PUB,595
2022,TAFT AVE.,PUB,1174
2022,SSH,PUB,1884
2022,SHAW BLVD.,PUB,48
2022,ORTIGAS AVE.,PUB,532
2022,MAGSAYSAY BLVD.,PUB,523
2022,AURORA BLVD.,PUB,522
2022,QUEZON AVE.,PUB,1017
2022,COMMONWEALTH AVE.,PUB,4614
2022,A. BONIFACIO,PUB,7850
2022,RIZAL AVE.,PUB,680
2022,DEL PAN,PUB,23
2022,MARCOS HIGHWAY,PUB,2853
2022,MCARTHUR HIGHWAY,PUB,479
2022,TOTAL,PUB,23412
2022,RECTO,Truck,651
2022,MENDOZA,Truck,3786
2022,PRES. QUIRINO AVE.,Truck,3598
2022,ARANETA AVE.,Truck,2639
2022,EDSA,Truck,2295
2022,C.P. GARCIA / KATIPUNAN AVE. / TANDANG SORA,Truck,1788
2022,ROXAS BLVD.,Truck,9077
2022,TAFT AVE.,Truck,1667
2022,SSH,Truck,6774
2022,SHAW BLVD.,Truck,980
2022,ORTIGAS AVE.,Truck,3261
2022,MAGSAYSAY BLVD.,Truck,2023
2022,AURORA BLVD.,Truck,1802
2022,QUEZON AVE.,Truck,3281
2022,COMMONWEALTH AVE.,Truck,7336
2022,A. BONIFACIO,Truck,7458
2022,RIZAL AVE.,Truck,1145
2022,DEL PAN,Truck,887
2022,MARCOS HIGHWAY,Truck,3163
2022,MCARTHUR HIGHWAY,Truck,2369
2022,TOTAL,Truck,74942
2022,RECTO,Trailer,169
2022,MENDOZA,Trailer,12
2022,PRES. QUIRINO AVE.,Trailer,13
2022,ARANETA AVE.,Trailer,507
2022,EDSA,Trailer,119
2022,C.P. GARCIA / KATIPUNAN AVE. / TANDANG SORA,Trailer,97
2022,ROXAS BLVD.,Trailer,2050
2022,TAFT AVE.,Trailer,164
2022,SSH,Trailer,1553
2022,SHAW BLVD.,Trailer,96
2022,ORTIGAS AVE.,Trailer,680
2022,MAGSAYSAY BLVD.,Trailer,414
2022,AURORA BLVD.,Trailer,112
2022,QUEZON AVE.,Trailer,1066
2022,COMMONWEALTH AVE.,Trailer,439
2022,A. BONIFACIO,Trailer,308
2022,RIZAL AVE.,Trailer,308
2022,DEL PAN,Trailer,46
2022,MARCOS HIGHWAY,Trailer,1069
2022,MCARTHUR HIGHWAY,Trailer,169
2022,TOTAL,Trailer,20309
2022,RECTO,MC,44687
2022,MENDOZA,MC,80092
2022,PRES. QUIRINO AVE.,MC,70474
2022,ARANETA AVE.,MC,41344
2022,EDSA,MC,151847
2022,C.P. GARCIA / KATIPUNAN AVE. / TANDANG SORA,MC,100133
2022,ROXAS BLVD.,MC,80120
2022,TAFT AVE.,MC,83705
2022,SSH,MC,74089
2022,SHAW BLVD.,MC,52739
2022,ORTIGAS AVE.,MC,94206
2022,MAGSAYSAY BLVD.,MC,66423
2022,AURORA BLVD.,MC,59931
2022,QUEZON AVE.,MC,122111
2022,COMMONWEALTH AVE.,MC,154396
2022,A. BONIFACIO,MC,24822
2022,RIZAL AVE.,MC,54908
2022,DEL PAN,MC,60493
2022,MARCOS HIGHWAY,MC,61833
2022,MCARTHUR HIGHWAY,MC,64759
2022,TOTAL,MC,1573729
2022,RECTO,Tricycle,1854
2022,MENDOZA,Tricycle,1900
2022,PRES. QUIRINO AVE.,Tricycle,973
2022,ARANETA AVE.,Tricycle,15
2022,EDSA,Tricycle,20
2022,C.P. GARCIA / KATIPUNAN AVE. / TANDANG SORA,Tricycle,20
2022,ROXAS BLVD.,Tricycle,290
2022,TAFT AVE.,Tricycle,6639
2022,SSH,Tricycle,20
2022,SHAW BLVD.,Tricycle,21
2022,ORTIGAS AVE.,Tricycle,15
2022,MAGSAYSAY BLVD.,Tricycle,1092
2022,AURORA BLVD.,Tricycle,135
2022,QUEZON AVE.,Tricycle,644
2022,COMMONWEALTH AVE.,Tricycle,602
2022,A. BONIFACIO,Tricycle,827
2022,RIZAL AVE.,Tricycle,103
2022,DEL PAN,Tricycle,720
2022,MARCOS HIGHWAY,Tricycle,774
2022,MCARTHUR HIGHWAY,Tricycle,298
2022,TOTAL,Tricycle,21050
2022,RECTO,Total,86097
2022,MENDOZA,Total,175243
2022,PRES. QUIRINO AVE.,Total,147161
2022,ARANETA AVE.,Total,112308
2022,EDSA,Total,385096
2022,C.P. GARCIA / KATIPUNAN AVE. / TANDANG SORA,Total,211819
2022,ROXAS BLVD.,Total,186120
2022,TAFT AVE.,Total,194464
2022,SSH,Total,260549
2022,SHAW BLVD.,Total,110857
2022,ORTIGAS AVE.,Total,179661
2022,MAGSAYSAY BLVD.,Total,128504
2022,AURORA BLVD.,Total,119625
2022,QUEZON AVE.,Total,280608
2022,COMMONWEALTH AVE.,Total,346184
2022,A. BONIFACIO,Total,84812
2022,RIZAL AVE.,Total,99108
2022,DEL PAN,Total,98102
2022,MARCOS HIGHWAY,Total,228470
2022,MCARTHUR HIGHWAY,Total,100556
2022,TOTAL,Total,3535755
2023,RECTO,Car,24747
2023,MENDOZA,Car,57755
2023,PRES. QUIRINO AVE.,Car,73167
2023,ARANETA AVE.,Car,72782
2023,EDSA,Car,216934
2023,C.P. GARCIA / KATIPUNAN AVE. / TANDANG SORA,Car,127042
2023,ROXAS BLVD.,Car,79313
2023,TAFT AVE.,Car,47624
2023,SSH,Car,87963
2023,SHAW BLVD.,Car,54622
2023,ORTIGAS AVE.,Car,63651
2023,MAGSAYSAY BLVD.,Car,52884
2023,AURORA BLVD.,Car,45357
2023,QUEZON AVE.,Car,139663
2023,COMMONWEALTH AVE.,Car,171866
2023,A. BONIFACIO,Car,44888
2023,RIZAL AVE.,Car,31643
2023,DEL PAN,Car,32034
2023,MARCOS HIGHWAY,Car,110378
2023,MCARTHUR HIGHWAY,Car,32007
2023,TOTAL,Car,1566322
2023,RECTO,PUJ,7269
2023,MENDOZA,PUJ,11
2023,PRES. QUIRINO AVE.,PUJ,727
2023,ARANETA AVE.,PUJ,45
2023,EDSA,PUJ,1740
2023,C.P. GARCIA / KATIPUNAN AVE. / TANDANG SORA,PUJ,617
2023,ROXAS BLVD.,PUJ,9888
2023,TAFT AVE.,PUJ,9487
2023,SSH,PUJ,224
2023,SHAW BLVD.,PUJ,1967
2023,ORTIGAS AVE.,PUJ,1598
2023,MAGSAYSAY BLVD.,PUJ,7959
2023,AURORA BLVD.,PUJ,5677
2023,QUEZON AVE.,PUJ,3697
2023,COMMONWEALTH AVE.,PUJ,14556
2023,A. BONIFACIO,PUJ,3638
2023,RIZAL AVE.,PUJ,8454
2023,DEL PAN,PUJ,459
2023,MARCOS HIGHWAY,PUJ,11185
2023,MCARTHUR HIGHWAY,PUJ,6461
2023,TOTAL,PUJ,95659
2023,RECTO,UV,727
2023,MENDOZA,UV,81
2023,PRES. QUIRINO AVE.,UV,64
2023,ARANETA AVE.,UV,15
2023,EDSA,UV,2504
2023,C.P. GARCIA / KATIPUNAN AVE. / TANDANG SORA,UV,64
2023,ROXAS BLVD.,UV,2986
2023,TAFT AVE.,UV,6162
2023,SSH,UV,84
2023,SHAW BLVD.,UV,1323
2023,ORTIGAS AVE.,UV,181
2023,MAGSAYSAY BLVD.,UV,738
2023,AURORA BLVD.,UV,1526
2023,QUEZON AVE.,UV,5235
2023,COMMONWEALTH AVE.,UV,5853
2023,A. BONIFACIO,UV,95
2023,RIZAL AVE.,UV,39
2023,DEL PAN,UV,25
2023,MARCOS HIGHWAY,UV,636
2023,MCARTHUR HIGHWAY,UV,7
2023,TOTAL,UV,28345
2023,RECTO,Taxi,1678
2023,MENDOZA,Taxi,3102
2023,PRES. QUIRINO AVE.,Taxi,3837
2023,ARANETA AVE.,Taxi,2418
2023,EDSA,Taxi,15001
2023,C.P. GARCIA / KATIPUNAN AVE. / TANDANG SORA,Taxi,2674
2023,ROXAS BLVD.,Taxi,11812
2023,TAFT AVE.,Taxi,5278
2023,SSH,Taxi,4644
2023,SHAW BLVD.,Taxi,4574
2023,ORTIGAS AVE.,Taxi,3697
2023,MAGSAYSAY BLVD.,Taxi,3608
2023,AURORA BLVD.,Taxi,3601
2023,QUEZON AVE.,Taxi,12801
2023,COMMONWEALTH AVE.,Taxi,13162
2023,A. BONIFACIO,Taxi,1554
2023,RIZAL AVE.,Taxi,2783
2023,DEL PAN,Taxi,1586
2023,MARCOS HIGHWAY,Taxi,4749
2023,MCARTHUR HIGHWAY,Taxi,3664
2023,TOTAL,Taxi,106223
2023,RECTO,PUB,593
2023,MENDOZA,PUB,240
2023,PRES. QUIRINO AVE.,PUB,364
2023,ARANETA AVE.,PUB,248
2023,EDSA,PUB,3824
2023,C.P. GARCIA / KATIPUNAN AVE. / TANDANG SORA,PUB,426
2023,ROXAS BLVD.,PUB,1625
2023,TAFT AVE.,PUB,2094
2023,SSH,PUB,952
2023,SHAW BLVD.,PUB,19
2023,ORTIGAS AVE.,PUB,545
2023,MAGSAYSAY BLVD.,PUB,723
2023,AURORA BLVD.,PUB,629
2023,QUEZON AVE.,PUB,1305
2023,COMMONWEALTH AVE.,PUB,4088
2023,A. BONIFACIO,PUB,2209
2023,RIZAL AVE.,PUB,289
2023,DEL PAN,PUB,62
2023,MARCOS HIGHWAY,PUB,440
2023,MCARTHUR HIGHWAY,PUB,432
2023,TOTAL,PUB,21107
2023,RECTO,Truck,666
2023,MENDOZA,Truck,6706
2023,PRES. QUIRINO AVE.,Truck,7606
2023,ARANETA AVE.,Truck,3329
2023,EDSA,Truck,2533
2023,C.P. GARCIA / KATIPUNAN AVE. / TANDANG SORA,Truck,9654
2023,ROXAS BLVD.,Truck,2255
2023,TAFT AVE.,Truck,1350
2023,SSH,Truck,7480
2023,SHAW BLVD.,Truck,1314
2023,ORTIGAS AVE.,Truck,1289
2023,MAGSAYSAY BLVD.,Truck,2011
2023,AURORA BLVD.,Truck,2307
2023,QUEZON AVE.,Truck,5101
2023,COMMONWEALTH AVE.,Truck,6907
2023,A. BONIFACIO,Truck,9790
2023,RIZAL AVE.,Truck,2468
2023,DEL PAN,Truck,5515
2023,MARCOS HIGHWAY,Truck,6604
2023,MCARTHUR HIGHWAY,Truck,2884
2023,TOTAL,Truck,87769
2023,RECTO,Trailer,115
2023,MENDOZA,Trailer,1218
2023,PRES. QUIRINO AVE.,Trailer,1251
2023,ARANETA AVE.,Trailer,425
2023,EDSA,Trailer,110
2023,C.P. GARCIA / KATIPUNAN AVE. / TANDANG SORA,Trailer,702
2023,ROXAS BLVD.,Trailer,1074
2023,TAFT AVE.,Trailer,510
2023,SSH,Trailer,2644
2023,SHAW BLVD.,Trailer,62
2023,ORTIGAS AVE.,Trailer,248
2023,MAGSAYSAY BLVD.,Trailer,380
2023,AURORA BLVD.,Trailer,24
2023,QUEZON AVE.,Trailer,215
2023,COMMONWEALTH AVE.,Trailer,391
2023,A. BONIFACIO,Trailer,1341
2023,RIZAL AVE.,Trailer,7
2023,DEL PAN,Trailer,9212
2023,MARCOS HIGHWAY,Trailer,673
2023,MCARTHUR HIGHWAY,Trailer,355
2023,TOTAL,Trailer,20765
2023,RECTO,MC,49406
2023,MENDOZA,MC,74200
2023,PRES. QUIRINO AVE.,MC,88445
2023,ARANETA AVE.,MC,51266
2023,EDSA,MC,164673
2023,C.P. GARCIA / KATIPUNAN AVE. / TANDANG SORA,MC,89534
2023,ROXAS BLVD.,MC,80690
2023,TAFT AVE.,MC,55395
2023,SSH,MC,72806
2023,SHAW BLVD.,MC,63193
2023,ORTIGAS AVE.,MC,75383
2023,MAGSAYSAY BLVD.,MC,67689
2023,AURORA BLVD.,MC,62531
2023,QUEZON AVE.,MC,144297
2023,COMMONWEALTH AVE.,MC,189594
2023,A. BONIFACIO,MC,42042
2023,RIZAL AVE.,MC,67376
2023,DEL PAN,MC,52253
2023,MARCOS HIGHWAY,MC,108876
2023,MCARTHUR HIGHWAY,MC,74997
2023,TOTAL,MC,1674646
2023,RECTO,Tricycle,2190
2023,MENDOZA,Tricycle,1922
2023,PRES. QUIRINO AVE.,Tricycle,2420
2023,ARANETA AVE.,Tricycle,1694
2023,EDSA,Tricycle,23
2023,C.P. GARCIA / KATIPUNAN AVE. / TANDANG SORA,Tricycle,7982
2023,ROXAS BLVD.,Tricycle,541
2023,TAFT AVE.,Tricycle,6421
2023,SSH,Tricycle,107
2023,SHAW BLVD.,Tricycle,21
2023,ORTIGAS AVE.,Tricycle,5
2023,MAGSAYSAY BLVD.,Tricycle,1924
2023,AURORA BLVD.,Tricycle,276
2023,QUEZON AVE.,Tricycle,170
2023,COMMONWEALTH AVE.,Tricycle,1571
2023,A. BONIFACIO,Tricycle,377
2023,RIZAL AVE.,Tricycle,1615
2023,DEL PAN,Tricycle,3469
2023,MARCOS HIGHWAY,Tricycle,287
2023,MCARTHUR HIGHWAY,Tricycle,382
2023,TOTAL,Tricycle,33397
2023,RECTO,Total,87391
2023,MENDOZA,Total,145235
2023,PRES. QUIRINO AVE.,Total,177881
2023,ARANETA AVE.,Total,132222
2023,EDSA,Total,407342
2023,C.P. GARCIA / KATIPUNAN AVE. / TANDANG SORA,Total,238695
2023,ROXAS BLVD.,Total,190184
2023,TAFT AVE.,Total,134321
2023,SSH,Total,176904
2023,SHAW BLVD.,Total,127095
2023,ORTIGAS AVE.,Total,146597
2023,MAGSAYSAY BLVD.,Total,137916
2023,AURORA BLVD.,Total,121928
2023,QUEZON AVE.,Total,312486
2023,COMMONWEALTH AVE.,Total,407988
2023,A. BONIFACIO,Total,105934
2023,RIZAL AVE.,Total,114674
2023,DEL PAN,Total,104615
2023,MARCOS HIGHWAY,Total,243636
2023,MCARTHUR HIGHWAY,Total,121189
2023,TOTAL,Total,3634233
2024,RECTO,Car,30708
2024,MENDOZA,Car,54571
2024,PRES. QUIRINO AVE.,Car,74152
2024,ARANETA AVE.,Car,79018
2024,EDSA,Car,210980
2024,C.P. GARCIA / KATIPUNAN AVE. / TANDANG SORA,Car,107706
2024,ROXAS BLVD.,Car,82145
2024,TAFT AVE.,Car,39415
2024,SSH,Car,85574
2024,SHAW BLVD.,Car,52610
2024,ORTIGAS AVE.,Car,65431
2024,MAGSAYSAY BLVD.,Car,50465
2024,AURORA BLVD.,Car,46695
2024,QUEZON AVE.,Car,127876
2024,COMMONWEALTH AVE.,Car,177912
2024,A. BONIFACIO,Car,38870
2024,RIZAL AVE.,Car,25190
2024,DEL PAN,Car,34103
2024,MARCOS HIGHWAY,Car,111797
2024,MCARTHUR HIGHWAY,Car,30890
2024,TOTAL,Car,1526108
2024,RECTO,PUJ,9815
2024,MENDOZA,PUJ,35
2024,PRES. QUIRINO AVE.,PUJ,763
2024,ARANETA AVE.,PUJ,6
2024,EDSA,PUJ,1006
2024,C.P. GARCIA / KATIPUNAN AVE. / TANDANG SORA,PUJ,407
2024,ROXAS BLVD.,PUJ,7860
2024,TAFT AVE.,PUJ,8549
2024,SSH,PUJ,358
2024,SHAW BLVD.,PUJ,3017
2024,ORTIGAS AVE.,PUJ,27533
2024,MAGSAYSAY BLVD.,PUJ,7062
2024,AURORA BLVD.,PUJ,8348
2024,QUEZON AVE.,PUJ,5196
2024,COMMONWEALTH AVE.,PUJ,16454
2024,A. BONIFACIO,PUJ,3914
2024,RIZAL AVE.,PUJ,7971
2024,DEL PAN,PUJ,692
2024,MARCOS HIGHWAY,PUJ,10251
2024,MCARTHUR HIGHWAY,PUJ,6255
2024,TOTAL,PUJ,125492
2024,RECTO,UV,823
2024,MENDOZA,UV,130
2024,PRES. QUIRINO AVE.,UV,122
2024,ARANETA AVE.,UV,12
2024,EDSA,UV,2299
2024,C.P. GARCIA / KATIPUNAN AVE. / TANDANG SORA,UV,2690
2024,ROXAS BLVD.,UV,3683
2024,TAFT AVE.,UV,6764
2024,SSH,UV,161
2024,SHAW BLVD.,UV,1305
2024,ORTIGAS AVE.,UV,3695
2024,MAGSAYSAY BLVD.,UV,647
2024,AURORA BLVD.,UV,2325
2024,QUEZON AVE.,UV,4782
2024,COMMONWEALTH AVE.,UV,4820
2024,A. BONIFACIO,UV,149
2024,RIZAL AVE.,UV,14
2024,DEL PAN,UV,53
2024,MARCOS HIGHWAY,UV,552
2024,MCARTHUR HIGHWAY,UV,12
2024,TOTAL,UV,35038
2024,RECTO,Taxi,2884
2024,MENDOZA,Taxi,2303
2024,PRES. QUIRINO AVE.,Taxi,3172
2024,ARANETA AVE.,Taxi,1918
2024,EDSA,Taxi,10852
2024,C.P. GARCIA / KATIPUNAN AVE. / TANDANG SORA,Taxi,3365
2024,ROXAS BLVD.,Taxi,9689
2024,TAFT AVE.,Taxi,4929
2024,SSH,Taxi,3533
2024,SHAW BLVD.,Taxi,2810
2024,ORTIGAS AVE.,Taxi,2645
2024,MAGSAYSAY BLVD.,Taxi,2722
2024,AURORA BLVD.,Taxi,3318
2024,QUEZON AVE.,Taxi,9900
2024,COMMONWEALTH AVE.,Taxi,11093
2024,A. BONIFACIO,Taxi,1798
2024,RIZAL AVE.,Taxi,1644
2024,DEL PAN,Taxi,1614
2024,MARCOS HIGHWAY,Taxi,3826
2024,MCARTHUR HIGHWAY,Taxi,3198
2024,TOTAL,Taxi,87213
2024,RECTO,PUB,461
2024,MENDOZA,PUB,244
2024,PRES. QUIRINO AVE.,PUB,403
2024,ARANETA AVE.,PUB,614
2024,EDSA,PUB,3019
2024,C.P. GARCIA / KATIPUNAN AVE. / TANDANG SORA,PUB,1011
2024,ROXAS BLVD.,PUB,990
2024,TAFT AVE.,PUB,3058
2024,SSH,PUB,1144
2024,SHAW BLVD.,PUB,43
2024,ORTIGAS AVE.,PUB,634
2024,MAGSAYSAY BLVD.,PUB,704
2024,AURORA BLVD.,PUB,786
2024,QUEZON AVE.,PUB,1593
2024,COMMONWEALTH AVE.,PUB,3184
2024,A. BONIFACIO,PUB,1812
2024,RIZAL AVE.,PUB,390
2024,DEL PAN,PUB,97
2024,MARCOS HIGHWAY,PUB,506
2024,MCARTHUR HIGHWAY,PUB,414
2024,TOTAL,PUB,21107
2024,RECTO,Truck,743
2024,MENDOZA,Truck,7231
2024,PRES. QUIRINO AVE.,Truck,10020
2024,ARANETA AVE.,Truck,2718
2024,EDSA,Truck,2655
2024,C.P. GARCIA / KATIPUNAN AVE. / TANDANG SORA,Truck,8682
2024,ROXAS BLVD.,Truck,2960
2024,TAFT AVE.,Truck,943
2024,SSH,Truck,8230
2024,SHAW BLVD.,Truck,1413
2024,ORTIGAS AVE.,Truck,4224
2024,MAGSAYSAY BLVD.,Truck,4027
2024,AURORA BLVD.,Truck,1966
2024,QUEZON AVE.,Truck,3932
2024,COMMONWEALTH AVE.,Truck,7075
2024,A. BONIFACIO,Truck,8749
2024,RIZAL AVE.,Truck,2069
2024,DEL PAN,Truck,5829
2024,MARCOS HIGHWAY,Truck,6946
2024,MCARTHUR HIGHWAY,Truck,2989
2024,TOTAL,Truck,93401
2024,RECTO,Trailer,94
2024,MENDOZA,Trailer,847
2024,PRES. QUIRINO AVE.,Trailer,1521
2024,ARANETA AVE.,Trailer,331
2024,EDSA,Trailer,50
2024,C.P. GARCIA / KATIPUNAN AVE. / TANDANG SORA,Trailer,901
2024,ROXAS BLVD.,Trailer,2091
2024,TAFT AVE.,Trailer,5
2024,SSH,Trailer,2645
2024,SHAW BLVD.,Trailer,147
2024,ORTIGAS AVE.,Trailer,534
2024,MAGSAYSAY BLVD.,Trailer,1021
2024,AURORA BLVD.,Trailer,66
2024,QUEZON AVE.,Trailer,94
2024,COMMONWEALTH AVE.,Trailer,190
2024,A. BONIFACIO,Trailer,882
2024,RIZAL AVE.,Trailer,17
2024,DEL PAN,Trailer,6685
2024,MARCOS HIGHWAY,Trailer,673
2024,MCARTHUR HIGHWAY,Trailer,317
2024,TOTAL,Trailer,19111
2024,RECTO,MC,59551
2024,MENDOZA,MC,79105
2024,PRES. QUIRINO AVE.,MC,102419
2024,ARANETA AVE.,MC,51378
2024,EDSA,MC,189078
2024,C.P. GARCIA / KATIPUNAN AVE. / TANDANG SORA,MC,125970
2024,ROXAS BLVD.,MC,92927
2024,TAFT AVE.,MC,51620
2024,SSH,MC,91901
2024,SHAW BLVD.,MC,83482
2024,ORTIGAS AVE.,MC,83099
2024,MAGSAYSAY BLVD.,MC,91293
2024,AURORA BLVD.,MC,67440
2024,QUEZON AVE.,MC,145218
2024,COMMONWEALTH AVE.,MC,191104
2024,A. BONIFACIO,MC,50020
2024,RIZAL AVE.,MC,49605
2024,DEL PAN,MC,63352
2024,MARCOS HIGHWAY,MC,131868
2024,MCARTHUR HIGHWAY,MC,81624
2024,TOTAL,MC,1882864
2024,RECTO,Tricycle,4650
2024,MENDOZA,Tricycle,1745
2024,PRES. QUIRINO AVE.,Tricycle,2566
2024,ARANETA AVE.,Tricycle,856
2024,EDSA,Tricycle,13
2024,C.P. GARCIA / KATIPUNAN AVE. / TANDANG SORA,Tricycle,30
2024,ROXAS BLVD.,Tricycle,475
2024,TAFT AVE.,Tricycle,3836
2024,SSH,Tricycle,95
2024,SHAW BLVD.,Tricycle,9
2024,ORTIGAS AVE.,Tricycle,160
2024,MAGSAYSAY BLVD.,Tricycle,2021
2024,AURORA BLVD.,Tricycle,219
2024,QUEZON AVE.,Tricycle,89
2024,COMMONWEALTH AVE.,Tricycle,1513
2024,A. BONIFACIO,Tricycle,807
2024,RIZAL AVE.,Tricycle,1575
2024,DEL PAN,Tricycle,3900
2024,MARCOS HIGHWAY,Tricycle,191
2024,MCARTHUR HIGHWAY,Tricycle,310
2024,TOTAL,Tricycle,25060
2024,RECTO,Total,109729
2024,MENDOZA,Total,146211
2024,PRES. QUIRINO AVE.,Total,195138
2024,ARANETA AVE.,Total,136851
2024,EDSA,Total,419952
2024,C.P. GARCIA / KATIPUNAN AVE. / TANDANG SORA,Total,250760
2024,ROXAS BLVD.,Total,202820
2024,TAFT AVE.,Total,119119
2024,SSH,Total,193641
2024,SHAW BLVD.,Total,144836
2024,ORTIGAS AVE.,Total,188765
2024,MAGSAYSAY BLVD.,Total,159962
2024,AURORA BLVD.,Total,131163
2024,QUEZON AVE.,Total,298680
2024,COMMONWEALTH AVE.,Total,413345
2024,A. BONIFACIO,Total,107071
2024,RIZAL AVE.,Total,88475
2024,DEL PAN,Total,116325
2024,MARCOS HIGHWAY,Total,266610
2024,MCARTHUR HIGHWAY,Total,126009
2024,TOTAL,Total,3815394
